vid,label,split
5Uodeo_Ln84_000014_000024_6.5_9.5,baby_babbling_crying,test
6wHFhrAqt5Q_000023_000033_5.5_8.5,baby_babbling_crying,test
FAvONjeqIGI_000061_000071_0.5_4.5,baby_babbling_crying,test
GhJhxnqgKcc_000139_000149_1.0_5.5,baby_babbling_crying,test
UR0l-ggYOfg_000041_000051_6.0_10.0,baby_babbling_crying,test
ao6-Npm2Cbw_000030_000040_1.5_4.5,baby_babbling_crying,test
dIIiaO12I5Q_000006_000016_0.0_3.0,baby_babbling_crying,test
i60k4LXneng_000016_000026_4.0_7.0,baby_babbling_crying,test
irN1qoE3-uQ_000004_000014_3.0_6.0,baby_babbling_crying,test
pYsT6PjPaFY_000030_000040_0.0_5.5,baby_babbling_crying,test
03fGTwkSBWs_000289_000299_0.0_5.0,cap_gun_shooting,test
3l4alj6RRkM_000547_000557_2.0_6.5,cap_gun_shooting,test
5Xn4lTalKc4_000099_000109_0.0_3.0,cap_gun_shooting,test
7HHCf9-HBiA_000000_000010_7.0_10.0,cap_gun_shooting,test
IWvA2ZlAK2g_000028_000038_6.5_10.0,cap_gun_shooting,test
QIT6l8y0_cE_000039_000049_2.5_6.0,cap_gun_shooting,test
T6sSJ75v9wE_000027_000037_0.0_4.0,cap_gun_shooting,test
UPVn_85FRCw_000020_000030_5.5_8.5,cap_gun_shooting,test
YX4MzUOPA8U_000094_000104_7.0_10.0,cap_gun_shooting,test
hhKsZ_uP-m8_000072_000082_0.5_5.0,cap_gun_shooting,test
231-4GOUaDQ_000014_000024_7.0_10.0,chicken_crowing,test
2OLXoKxJ1qg_000030_000040_0.0_4.5,chicken_crowing,test
2baznhAyEsg_000014_000024_5.5_8.5,chicken_crowing,test
A6GuZLAVqbI_000110_000120_0.0_3.5,chicken_crowing,test
F0xntO9MIHw_000005_000015_4.5_9.0,chicken_crowing,test
IQmrVcRT-oI_000020_000030_5.5_10.0,chicken_crowing,test
JwJAh2X6btc_000010_000020_1.5_6.0,chicken_crowing,test
Ni8dpJxscEE_000072_000082_5.0_8.5,chicken_crowing,test
OJqJgotD8D4_000038_000048_4.0_8.5,chicken_crowing,test
krEzQuVHoKk_000001_000011_6.0_10.0,chicken_crowing,test
2jIv5qBTS88_000009_000019_1.5_5.5,dog_barking,test
3qesirWAGt4_000020_000030_0.0_8.0,dog_barking,test
IWr6t7Z1mvg_000000_000010_2.5_6.5,dog_barking,test
KzK6d6Qpu_o_000010_000020_3.0_7.0,dog_barking,test
NF1lwZ24RYI_000030_000040_6.0_10.0,dog_barking,test
WJV6Ey6hXEw_000005_000015_3.5_10.0,dog_barking,test
_52ntwwQyv4_000070_000080_3.5_9.5,dog_barking,test
fp6pBJ1Iygk_000026_000036_0.0_9.0,dog_barking,test
l_SEPV8JB1U_000010_000020_2.5_10.0,dog_barking,test
mdLD3Khu5k4_000030_000040_3.0_8.0,dog_barking,test
-INNrk4mik4_000031_000041_7.0_10.0,frog_croaking,test
6mtnv7SDQqw_000007_000017_0.5_4.5,frog_croaking,test
9rWoPW0VU00_000165_000175_0.0_3.0,frog_croaking,test
C7VWBi27oGc_000006_000016_1.0_5.0,frog_croaking,test
HiLBo43GMKE_000052_000062_5.0_8.0,frog_croaking,test
Il9qAhbbeBw_000013_000023_3.0_7.0,frog_croaking,test
YX_dIRBxMLg_000023_000033_4.5_7.5,frog_croaking,test
stnD0ZE3bAQ_000030_000040_2.0_6.5,frog_croaking,test
tx7XKy_4f4c_000005_000015_4.0_7.0,frog_croaking,test
weSfQmkG35I_000002_000012_7.0_10.0,frog_croaking,test
0_1Jo7NAhl4_000149_000159_2.5_6.0,hammering,test
5WbYvoqG3fo_000074_000084_0.0_4.0,hammering,test
67rx_-m3NaE_000153_000163_1.0_5.0,hammering,test
J4qAV4_pCMI_000077_000087_4.0_7.5,hammering,test
Vwz4vOzWnLE_000078_000088_0.0_3.0,hammering,test
_tzXSoaZ644_000021_000031_0.0_3.0,hammering,test
dK6eZGeDjZg_000057_000067_2.5_6.0,hammering,test
iuozNmF5TcI_000037_000047_0.0_3.0,hammering,test
lm8M8aEoa3c_000081_000091_3.5_8.0,hammering,test
lptpDgCE0N4_000083_000093_1.0_3.0,hammering,test
3yXCtpvjz6E_000017_000027_1.0_4.5,lions_roaring,test
4VBd7XmgsTc_000019_000029_0.0_4.5,lions_roaring,test
57Q_RHO0qA8_000000_000010_1.5_4.5,lions_roaring,test
7qx057kqx1E_000039_000049_6.0_9.5,lions_roaring,test
FwB52n9_dn0_000007_000017_0.0_10.0,lions_roaring,test
Gwlez841U_I_000007_000017_0.0_3.0,lions_roaring,test
YOrImbuhsQ8_000049_000059_1.0_4.0,lions_roaring,test
rsrWBquU8bc_000050_000060_0.0_4.5,lions_roaring,test
sxqKIm4LlF0_000024_000034_0.0_3.0,lions_roaring,test
tEfjBCYLEVI_000011_000021_4.0_8.5,lions_roaring,test
-njqm6R9Tko_000050_000060_5.5_10.0,machine_gun_shooting,test
FYldIv9lGLU_000141_000151_0.0_6.5,machine_gun_shooting,test
GGf2EbHoL_w_000000_000010_0.0_3.0,machine_gun_shooting,test
MTL8-cVoP64_000169_000179_0.0_3.5,machine_gun_shooting,test
_2hpQeNbpR4_000020_000030_0.0_10.0,machine_gun_shooting,test
_RB9txkXq1o_000053_000063_5.5_10.0,machine_gun_shooting,test
akjqOhO0IM0_000010_000020_3.0_10.0,machine_gun_shooting,test
kq3sz5uOvns_000208_000218_0.0_5.0,machine_gun_shooting,test
sxJjC9HC1Xs_000310_000320_0.5_10.0,machine_gun_shooting,test
yUZMpGwS-OI_000230_000240_2.5_6.5,machine_gun_shooting,test
6zrX3NgsL7U_000290_000300_0.0_9.5,playing_cello,test
OIGvCw4UUYk_000616_000626_3.0_10.0,playing_cello,test
PnwTlG1aBdU_000086_000096_1.5_4.5,playing_cello,test
Yi9Xdiq579o_000240_000250_2.5_10.0,playing_cello,test
_f7qCwXJQmQ_000035_000045_1.0_4.0,playing_cello,test
czaj1HwZFYk_000180_000190_0.0_10.0,playing_cello,test
lDTrnXAu4WY_000025_000035_0.5_8.5,playing_cello,test
pLlHIfTP5R4_000030_000040_0.0_10.0,playing_cello,test
tBQf0NWgLbg_000040_000050_6.0_9.0,playing_cello,test
vcT8gClKYTs_000013_000023_0.0_10.0,playing_cello,test
22mgtk4Iw0M_000113_000123_0.0_10.0,playing_trombone,test
3vhWXxE_X0M_000028_000038_0.0_7.0,playing_trombone,test
EnFYztu2dBc_000002_000012_0.0_10.0,playing_trombone,test
GL5tAz0bzSU_000495_000505_2.0_10.0,playing_trombone,test
L_ucgLAe-TA_000599_000609_0.0_10.0,playing_trombone,test
NRWlHRvaDcQ_000788_000798_0.0_4.0,playing_trombone,test
ZtKvvhRBs44_000247_000257_0.0_4.0,playing_trombone,test
l0loFh-e25Y_000000_000010_2.0_8.0,playing_trombone,test
ol71q9DuY1Y_000128_000138_1.0_10.0,playing_trombone,test
qHqTC2CL0cQ_000016_000026_0.0_9.5,playing_trombone,test
0bC2T-xZkCs_000187_000197_0.0_3.0,playing_trumpet,test
3cThgRIaqgU_000016_000026_0.5_9.0,playing_trumpet,test
5kXRSxMRZGw_000058_000068_1.0_4.0,playing_trumpet,test
_5An8FmGzxw_000009_000019_0.5_7.0,playing_trumpet,test
dDbYcXgoR9A_000030_000040_0.0_4.5,playing_trumpet,test
g6kGCt7G2-w_000080_000090_2.0_7.0,playing_trumpet,test
iLo-V2zvcZE_000030_000040_5.0_9.5,playing_trumpet,test
r1JpF0ovMFA_000034_000044_2.5_6.0,playing_trumpet,test
vRfRQJfTHiE_000030_000040_3.5_9.0,playing_trumpet,test
x3ytjRxhNf4_000028_000038_3.0_6.0,playing_trumpet,test
-j9x-d4ZqtY_000030_000040_0.0_9.5,playing_violin__fiddle,test
-puNE6Pq7Jo_000030_000040_0.5_7.0,playing_violin__fiddle,test
0s49D-LqHwg_000030_000040_2.0_5.0,playing_violin__fiddle,test
74BDV0z_bvw_000030_000040_0.5_9.5,playing_violin__fiddle,test
DPMEoIfxrZY_000030_000040_0.0_9.0,playing_violin__fiddle,test
J2L9eJ-h9DY_000030_000040_0.0_3.0,playing_violin__fiddle,test
O8CrIlFXN1I_000030_000040_3.0_10.0,playing_violin__fiddle,test
OpJZ-KVF-K8_000030_000040_5.0_7.5,playing_violin__fiddle,test
SFnVnnubE0M_000030_000040_0.5_3.5,playing_violin__fiddle,test
uxEdTjXT-rs_000030_000040_1.0_5.0,playing_violin__fiddle,test
-1rZFviqTTQ_000028_000038_3.5_5.8,sharpen_knife,test
5Y_8wiKVwK0_000186_000196_6.5_9.5,sharpen_knife,test
Cac949WVIog_000240_000250_4.0_7.0,sharpen_knife,test
Ft93ncEBpGo_000184_000194_0.0_3.0,sharpen_knife,test
Ft93ncEBpGo_000360_000370_1.0_4.5,sharpen_knife,test
NqLyRSDvVE0_000224_000234_0.0_3.0,sharpen_knife,test
Rl0aaF32hV4_000220_000230_1.5_10.0,sharpen_knife,test
YKLqVHlgSiw_000176_000186_6.3_8.5,sharpen_knife,test
uA5__Dby1C0_000170_000180_2.0_4.1,sharpen_knife,test
yFuDYRwZ3EA_000237_000247_2.5_5.5,sharpen_knife,test
1gadod9llZY_000046_000056_4.5_8.5,striking_bowling,test
9kNLBpyWntg_000320_000330_1.5_4.5,striking_bowling,test
DDelecxB7p8_000068_000078_1.0_4.0,striking_bowling,test
FWxMWNFsdqk_000448_000458_1.0_4.0,striking_bowling,test
V0QCCLD_0s8_000130_000140_3.0_7.0,striking_bowling,test
ZDQSxYmgyAo_000499_000509_5.5_9.5,striking_bowling,test
fWqXK1PQfOc_000134_000144_2.5_5.5,striking_bowling,test
jvIuht_NQmI_000089_000099_1.0_4.0,striking_bowling,test
n_YeYjbyJu8_000000_000010_1.5_4.5,striking_bowling,test
qe3eHr5Q01U_000098_000108_1.5_4.5,striking_bowling,test
1AfCMvhZJVY_000040_000050_0.5_3.5,toilet_flushing,test
8PJoXe_XFe8_000030_000040_3.0_6.0,toilet_flushing,test
8fDeRi8Lqyg_000040_000050_6.0_10.0,toilet_flushing,test
KTdJ6TCmacg_000070_000080_1.5_6.0,toilet_flushing,test
WKY-QgdWR1Y_000070_000080_2.5_6.0,toilet_flushing,test
_JS6F_WP17w_000010_000020_4.5_7.5,toilet_flushing,test
nEgGc3Zg85E_000030_000040_4.5_7.5,toilet_flushing,test
q_sB0ur0mEA_000016_000026_4.5_8.5,toilet_flushing,test
rMGOF-XHU58_000010_000020_5.0_8.0,toilet_flushing,test
zm-1vgWuexY_000030_000040_5.5_8.5,toilet_flushing,test
-3viw1EWLpo_000015_000025_3.5_7.0,baby_babbling_crying,train
03Hgkn0DIA8_000030_000040_0.0_3.0,baby_babbling_crying,train
1aDnyPubxdY_000118_000128_0.0_3.0,baby_babbling_crying,train
1aDnyPubxdY_000118_000128_4.5_7.5,baby_babbling_crying,train
1nC1ddPiDVU_000012_000022_0.0_2.1,baby_babbling_crying,train
1qsFt1rd5zw_000071_000081_4.0_7.0,baby_babbling_crying,train
2IYt8ZVZoQ8_000020_000030_6.0_9.0,baby_babbling_crying,train
2M9-tXoXTcg_000014_000024_5.5_9.0,baby_babbling_crying,train
3AQFAFy1RCw_000030_000040_7.9_10.0,baby_babbling_crying,train
5OTRV76xxeI_000036_000046_4.5_6.6,baby_babbling_crying,train
5V51JifwW48_000050_000060_3.0_6.0,baby_babbling_crying,train
5bnBbZIyCVs_000003_000013_2.9_5.0,baby_babbling_crying,train
5bnBbZIyCVs_000003_000013_3.0_6.0,baby_babbling_crying,train
5sumS7_ogEw_000034_000044_5.4_7.5,baby_babbling_crying,train
6TJ4mjlhR2U_000000_000010_2.0_6.5,baby_babbling_crying,train
6wHFhrAqt5Q_000023_000033_0.0_4.0,baby_babbling_crying,train
8L6AX8xepUI_000019_000029_3.4_5.5,baby_babbling_crying,train
8RQReyEWDdA_000136_000146_6.5_8.6,baby_babbling_crying,train
8mU1Q6ffIqg_000023_000033_0.0_3.0,baby_babbling_crying,train
9EIPbIexzQ4_000021_000031_0.0_3.5,baby_babbling_crying,train
9SN9F6nYBcU_000039_000049_0.0_3.0,baby_babbling_crying,train
9SN9F6nYBcU_000088_000098_4.0_6.5,baby_babbling_crying,train
Ac17vTPGbl0_000102_000112_6.4_8.5,baby_babbling_crying,train
Ac17vTPGbl0_000102_000112_7.0_10.0,baby_babbling_crying,train
Ac17vTPGbl0_000114_000124_6.0_10.0,baby_babbling_crying,train
BGxO2zGGWZE_000030_000040_4.0_7.0,baby_babbling_crying,train
CGAvGtSlk3U_000014_000024_2.0_8.0,baby_babbling_crying,train
CzotiifbywI_000030_000040_0.0_3.5,baby_babbling_crying,train
DAZ-W7RP4N0_000002_000012_4.0_8.0,baby_babbling_crying,train
DAZ-W7RP4N0_000002_000012_6.5_9.5,baby_babbling_crying,train
DnrzWno9RY0_000023_000033_6.0_9.0,baby_babbling_crying,train
E1xevDcdzZY_000030_000040_2.5_5.5,baby_babbling_crying,train
EkSuELnoKUo_000000_000010_5.5_9.0,baby_babbling_crying,train
FX7m8rS8Ac4_000011_000021_2.0_4.1,baby_babbling_crying,train
HLtnf4PKGFs_000030_000040_2.5_4.6,baby_babbling_crying,train
HPCXWDW7nZw_000098_000108_1.5_3.6,baby_babbling_crying,train
HlMnwIxk2aA_000004_000014_1.4_3.5,baby_babbling_crying,train
HlMnwIxk2aA_000004_000014_1.5_4.5,baby_babbling_crying,train
IGikBxNZsf0_000046_000056_0.0_4.0,baby_babbling_crying,train
IYhvCyjM29g_000004_000014_6.5_9.0,baby_babbling_crying,train
JPUmWOr-Th0_000029_000039_1.0_6.5,baby_babbling_crying,train
JPUmWOr-Th0_000039_000049_2.5_6.5,baby_babbling_crying,train
JafJNj8G0us_000032_000042_5.5_8.5,baby_babbling_crying,train
KLAI62kdOJU_000076_000086_5.5_8.5,baby_babbling_crying,train
KLAI62kdOJU_000121_000131_2.0_5.5,baby_babbling_crying,train
KUuO2p1yS6Q_000033_000043_1.0_4.0,baby_babbling_crying,train
KZvzHlLMkLw_000009_000019_0.0_3.0,baby_babbling_crying,train
Ku0rKzrZQzY_000027_000037_1.0_3.1,baby_babbling_crying,train
L-EAZxnYi58_000063_000073_2.0_5.0,baby_babbling_crying,train
LS1BpvHTIeg_000007_000017_4.0_7.0,baby_babbling_crying,train
LTgfErWfuYc_000091_000101_1.5_4.5,baby_babbling_crying,train
MFaRhAq2JLw_000010_000020_5.5_9.0,baby_babbling_crying,train
NBt9zr2RAiE_000007_000017_2.5_7.5,baby_babbling_crying,train
NWWyjuR7TV0_000216_000226_6.9_9.0,baby_babbling_crying,train
NuX0FmQWKEo_000028_000038_0.5_4.0,baby_babbling_crying,train
OPjfXPzXKXs_000029_000039_0.5_3.5,baby_babbling_crying,train
Ox2O7TbQ-WE_000043_000053_0.0_3.0,baby_babbling_crying,train
QlNZFq51RXs_000004_000014_0.5_2.6,baby_babbling_crying,train
TSWb2csbaTI_000027_000037_7.0_10.0,baby_babbling_crying,train
Ty-z2SgEEp0_000056_000066_5.0_8.0,baby_babbling_crying,train
V69i0H3grog_000028_000038_2.0_5.0,baby_babbling_crying,train
VpzLTe_OU1Y_000029_000039_5.0_8.0,baby_babbling_crying,train
VpzLTe_OU1Y_000029_000039_6.0_10.0,baby_babbling_crying,train
XyV6vd8FxH4_000048_000058_3.0_6.5,baby_babbling_crying,train
YNnz5wprWYk_000001_000011_4.0_8.5,baby_babbling_crying,train
_t-Abwz6JG4_000031_000041_2.5_6.5,baby_babbling_crying,train
aeiXr2U079g_000030_000040_1.5_4.5,baby_babbling_crying,train
bU6hVP0WtsI_000035_000045_4.0_8.0,baby_babbling_crying,train
bx5xFDBPNEI_000020_000030_5.0_8.0,baby_babbling_crying,train
c5AVCPO3lAs_000030_000040_4.0_7.0,baby_babbling_crying,train
cJjIiQy1uM4_000003_000013_0.0_3.0,baby_babbling_crying,train
eQnMW0bOd_U_000037_000047_1.0_3.1,baby_babbling_crying,train
evoTQV0R2Dw_000016_000026_1.4_3.5,baby_babbling_crying,train
jGEhZTHRML4_000008_000018_3.5_7.5,baby_babbling_crying,train
k1lFKf-3VYw_000049_000059_1.5_5.0,baby_babbling_crying,train
kfSqXa5xQlo_000009_000019_2.0_5.0,baby_babbling_crying,train
klTUJ7bIdJo_000009_000019_1.5_4.5,baby_babbling_crying,train
l0drdxSOlCM_000020_000030_3.0_6.0,baby_babbling_crying,train
n79ZuPSbljg_000000_000010_6.0_9.5,baby_babbling_crying,train
nbDwpdmdf_4_000000_000010_2.0_6.5,baby_babbling_crying,train
nzwmPWAAQFg_000030_000040_4.0_8.0,baby_babbling_crying,train
p6ZaFK0pFzg_000020_000030_2.5_5.5,baby_babbling_crying,train
rCsTXFZOSvA_000078_000088_0.0_2.1,baby_babbling_crying,train
rCsTXFZOSvA_000078_000088_4.5_7.5,baby_babbling_crying,train
uZVSL3SVj0Y_000002_000012_5.0_8.5,baby_babbling_crying,train
ueZuSVRInZs_000008_000018_6.5_9.5,baby_babbling_crying,train
wC2LTEKoKdY_000000_000010_5.5_9.0,baby_babbling_crying,train
y6jT3Q3gyvs_000012_000022_3.4_5.5,baby_babbling_crying,train
y8Vsv7S9hbA_000002_000012_4.4_6.5,baby_babbling_crying,train
yRTNaBHMcDk_000030_000040_1.0_3.1,baby_babbling_crying,train
--XInAaMS6k_000061_000071_6.0_10.0,cap_gun_shooting,train
-sgvu4UC_KA_000649_000659_3.0_7.0,cap_gun_shooting,train
04TBpsFSwQ8_000019_000029_4.0_7.5,cap_gun_shooting,train
0rw4B9Xze28_000040_000050_2.5_10.0,cap_gun_shooting,train
1dac7pLj_do_000070_000080_0.0_3.0,cap_gun_shooting,train
1fGWL1Z-aOc_000099_000109_0.0_4.5,cap_gun_shooting,train
2eEPiCh9bZo_000090_000100_7.0_10.0,cap_gun_shooting,train
2ffgd7k0vI8_000040_000050_2.0_5.0,cap_gun_shooting,train
48JvjDvWny4_000057_000067_7.0_10.0,cap_gun_shooting,train
4QDaiF6qioE_000048_000058_3.5_7.0,cap_gun_shooting,train
4vcwMj0sL9E_000090_000100_0.5_9.5,cap_gun_shooting,train
4vcwMj0sL9E_000105_000115_3.0_8.5,cap_gun_shooting,train
5ALk948jfvw_000030_000040_0.0_6.0,cap_gun_shooting,train
5gRTZ8Wuy0s_000024_000034_1.0_6.0,cap_gun_shooting,train
5gRTZ8Wuy0s_000024_000034_0.0_3.0,cap_gun_shooting,train
5rP9Z4jEq6s_000024_000034_2.5_6.0,cap_gun_shooting,train
5th6phRFv4Q_000014_000024_0.0_3.0,cap_gun_shooting,train
5th6phRFv4Q_000060_000070_1.0_4.0,cap_gun_shooting,train
6xZZQ9muKZI_000024_000034_6.5_9.5,cap_gun_shooting,train
73KLTq7YHlI_000022_000032_0.5_3.5,cap_gun_shooting,train
73KLTq7YHlI_000022_000032_3.0_9.0,cap_gun_shooting,train
8ALwSP590T8_000016_000026_1.0_5.0,cap_gun_shooting,train
8ALwSP590T8_000016_000026_3.0_6.5,cap_gun_shooting,train
9BWk_znR_34_000000_000010_5.5_9.5,cap_gun_shooting,train
9ZMABXJhIfs_000002_000012_5.0_9.5,cap_gun_shooting,train
9alAw7uN_1Q_000106_000116_0.0_3.0,cap_gun_shooting,train
9alAw7uN_1Q_000106_000116_2.5_8.0,cap_gun_shooting,train
A2z3KHbvQm4_000153_000163_6.5_10.0,cap_gun_shooting,train
BGt5V7fL2fo_000127_000137_1.5_4.5,cap_gun_shooting,train
BrNIrhu-yn8_000025_000035_0.0_3.5,cap_gun_shooting,train
BrNIrhu-yn8_000025_000035_7.0_10.0,cap_gun_shooting,train
C5bp4lRcfJY_000043_000053_0.0_3.0,cap_gun_shooting,train
CJU5llTnYUw_000010_000020_0.0_6.5,cap_gun_shooting,train
CJU5llTnYUw_000035_000045_5.0_10.0,cap_gun_shooting,train
DEL5u48gdL4_000160_000170_3.5_7.0,cap_gun_shooting,train
ERSmiGXdHWY_000014_000024_1.0_4.5,cap_gun_shooting,train
FmKXn6BodjE_000145_000155_4.0_7.0,cap_gun_shooting,train
GMW2jeYLrhk_000100_000110_3.0_10.0,cap_gun_shooting,train
GXyAFwf0nI8_000014_000024_0.0_3.0,cap_gun_shooting,train
GoImCFehKpE_000089_000099_5.5_9.0,cap_gun_shooting,train
I5WfHw8qlfI_000256_000266_0.0_4.5,cap_gun_shooting,train
Iyt_2Z9QrXM_000018_000028_3.0_6.0,cap_gun_shooting,train
KHg9A1o9rCs_000006_000016_2.0_8.0,cap_gun_shooting,train
KrAqLdfabus_000436_000446_1.5_6.0,cap_gun_shooting,train
L8vZK-7-c_Y_000080_000090_3.5_8.5,cap_gun_shooting,train
M60XROTcN7M_000385_000395_5.0_8.0,cap_gun_shooting,train
MIx6I90Y-LU_000015_000025_0.0_3.5,cap_gun_shooting,train
OpJHCquEX6M_000003_000013_0.0_5.5,cap_gun_shooting,train
P1SwIuCQHyU_000059_000069_1.0_4.0,cap_gun_shooting,train
PNZ-MM4HNq4_000038_000048_1.0_5.5,cap_gun_shooting,train
QIT6l8y0_cE_000052_000062_1.5_7.0,cap_gun_shooting,train
QirKIve2uow_000175_000185_1.5_6.0,cap_gun_shooting,train
QnLbyf0QHPE_000095_000105_0.0_8.0,cap_gun_shooting,train
RvE_Q8PGevQ_000000_000010_3.5_10.0,cap_gun_shooting,train
UabHrqsUlRY_000014_000024_0.0_7.0,cap_gun_shooting,train
V16JPartWQ8_000042_000052_1.0_4.0,cap_gun_shooting,train
WeXjWonSHxc_000022_000032_2.0_5.0,cap_gun_shooting,train
X-W-q9ARCc8_000067_000077_6.5_10.0,cap_gun_shooting,train
YLR6fv6tYzc_000028_000038_7.0_10.0,cap_gun_shooting,train
Yk1_O1SvfRs_000046_000056_1.5_5.5,cap_gun_shooting,train
_MDHC7_a63w_000120_000130_5.0_9.0,cap_gun_shooting,train
a-zw3NR4Euk_000297_000307_6.5_9.5,cap_gun_shooting,train
afMLrxgCLAg_000001_000011_2.5_5.5,cap_gun_shooting,train
c-b70nmvK5k_000005_000015_2.5_5.5,cap_gun_shooting,train
dnWZREiV5d4_000049_000059_0.0_7.5,cap_gun_shooting,train
eDRb3RkrlhY_000003_000013_0.0_4.0,cap_gun_shooting,train
emRT2KwmU5E_000030_000040_0.5_3.5,cap_gun_shooting,train
emRT2KwmU5E_000030_000040_2.5_8.5,cap_gun_shooting,train
f5m2QKJwQbI_000030_000040_1.0_5.0,cap_gun_shooting,train
flBsIp0uJAU_000017_000027_0.0_3.0,cap_gun_shooting,train
g8Il7SnkD6E_000034_000044_2.0_6.0,cap_gun_shooting,train
gBbgK1MNsNQ_000001_000011_0.0_10.0,cap_gun_shooting,train
gE_SWlHEVHY_000105_000115_6.0_9.5,cap_gun_shooting,train
gE_SWlHEVHY_000258_000268_2.0_6.0,cap_gun_shooting,train
gteCxqZ98g0_000161_000171_6.0_9.5,cap_gun_shooting,train
iZR9dpO64NA_000011_000021_0.0_3.0,cap_gun_shooting,train
j1NgLtsilag_000010_000020_0.0_4.0,cap_gun_shooting,train
j1NgLtsilag_000010_000020_2.0_6.5,cap_gun_shooting,train
lusSgj4qa1I_000100_000110_1.0_10.0,cap_gun_shooting,train
niMxeHPXvMw_000023_000033_0.0_3.0,cap_gun_shooting,train
oU0z8fAJBxw_000307_000317_5.5_10.0,cap_gun_shooting,train
olgOjusBWeY_000400_000410_4.0_9.5,cap_gun_shooting,train
pRc_dHSgMJw_000015_000025_6.5_9.5,cap_gun_shooting,train
qZ4awmlj8Ns_000036_000046_7.0_10.0,cap_gun_shooting,train
rva3qb0DOgo_000072_000082_3.0_6.5,cap_gun_shooting,train
tIkbDp-xQZk_000105_000115_6.5_10.0,cap_gun_shooting,train
uhPmfykA5iY_000400_000410_0.0_3.0,cap_gun_shooting,train
xL91MHa3Rz0_000380_000390_0.0_3.0,cap_gun_shooting,train
xru0ei34zcI_000097_000107_1.5_5.0,cap_gun_shooting,train
yp7ma0sXLbs_000016_000026_0.0_3.0,cap_gun_shooting,train
07tE4aqjZuE_000030_000040_3.5_7.5,chicken_crowing,train
0F0YvdKcUu0_000040_000050_0.0_4.0,chicken_crowing,train
0U6ebFYFPjk_000030_000040_1.0_4.0,chicken_crowing,train
0_I6B2Z0rE4_000054_000064_0.0_4.0,chicken_crowing,train
27wIu9FCMJQ_000027_000037_1.0_5.0,chicken_crowing,train
2ngbRYHDfWY_000025_000035_5.5_9.0,chicken_crowing,train
46zbt7TQHRs_000000_000010_4.5_8.0,chicken_crowing,train
5-FM0mCYups_000003_000013_3.5_6.5,chicken_crowing,train
5jRHJtBf9mI_000002_000012_6.0_9.5,chicken_crowing,train
6jsrzHghu3s_000000_000010_4.5_9.0,chicken_crowing,train
70EYv6ihyhQ_000030_000040_0.5_4.0,chicken_crowing,train
8SsqNY0_dHM_000024_000034_2.5_5.5,chicken_crowing,train
8SsqNY0_dHM_000024_000034_3.5_7.5,chicken_crowing,train
9U4iFcchO6g_000034_000044_0.0_4.0,chicken_crowing,train
9j3QuUqaOmw_000130_000140_5.5_10.0,chicken_crowing,train
A58nnmnhfUo_000001_000011_3.5_7.0,chicken_crowing,train
A6GuZLAVqbI_000110_000120_0.5_4.5,chicken_crowing,train
ANjYA_ok2hI_000009_000019_3.5_6.5,chicken_crowing,train
AUG9XJrYopM_000000_000010_0.0_3.0,chicken_crowing,train
B9ZQfpwK--8_000050_000060_0.0_4.0,chicken_crowing,train
B9ZQfpwK--8_000050_000060_0.0_3.5,chicken_crowing,train
BleBqimXGdw_000012_000022_1.0_5.0,chicken_crowing,train
Cg_I1pc51kg_000070_000080_1.0_4.0,chicken_crowing,train
Eqmq5iMK6nU_000040_000050_0.5_3.5,chicken_crowing,train
F3KjVp2lZio_000190_000200_5.0_9.0,chicken_crowing,train
F3t3NRFYM_Q_000010_000020_4.0_7.0,chicken_crowing,train
FUiAOhrm63E_000015_000025_5.0_8.5,chicken_crowing,train
Fe_HtA5zw9U_000012_000022_5.0_9.0,chicken_crowing,train
Fqy0eMO3-rQ_000073_000083_4.5_10.0,chicken_crowing,train
FxgAwrXenok_000001_000011_5.5_8.5,chicken_crowing,train
HDzYSpSSnvE_000010_000020_0.0_5.0,chicken_crowing,train
HbsniEGbyik_000030_000040_1.0_6.5,chicken_crowing,train
II85Ieg2TYc_000070_000080_6.5_10.0,chicken_crowing,train
INakOVhEFtY_000025_000035_0.0_5.5,chicken_crowing,train
INakOVhEFtY_000030_000040_6.0_10.0,chicken_crowing,train
K3CenN7d30Y_000030_000040_0.0_3.5,chicken_crowing,train
KRn0pi_BArA_000010_000020_0.0_3.5,chicken_crowing,train
KRn0pi_BArA_000010_000020_2.0_6.0,chicken_crowing,train
LSA8ZgjlFJ0_000080_000090_0.0_3.0,chicken_crowing,train
LSA8ZgjlFJ0_000080_000090_0.0_3.5,chicken_crowing,train
M_P-Md-SsQ4_000007_000017_5.5_8.5,chicken_crowing,train
Mr3usoMgUd0_000038_000048_4.5_7.5,chicken_crowing,train
NcIR-UiXJI0_000030_000040_0.0_5.0,chicken_crowing,train
NdM4CrObHE0_000022_000032_5.5_9.0,chicken_crowing,train
Nnq9kx_ExC4_000030_000040_0.0_5.0,chicken_crowing,train
PlsgUJqm8HE_000030_000040_0.5_6.0,chicken_crowing,train
QS0ijXZn3lM_000008_000018_7.0_10.0,chicken_crowing,train
RfJAPX3bHgQ_000000_000010_2.5_5.5,chicken_crowing,train
UPKnkMX8moM_000015_000025_0.5_3.5,chicken_crowing,train
VKu9ckxmhAw_000010_000020_0.0_4.0,chicken_crowing,train
VNs8qiFvwfk_000030_000040_2.5_6.0,chicken_crowing,train
VoWYsAcibqM_000113_000123_2.0_5.0,chicken_crowing,train
WGhLHnIrO98_000065_000075_6.5_9.5,chicken_crowing,train
WV-t-cB6K-8_000030_000040_0.0_3.0,chicken_crowing,train
X6pk3KmN4t0_000010_000020_6.0_10.0,chicken_crowing,train
YAKvKogi_3s_000030_000040_6.0_10.0,chicken_crowing,train
a-X7Ri2jEzE_000090_000100_0.5_3.5,chicken_crowing,train
a3Iqv8K0_XE_000013_000023_4.0_8.5,chicken_crowing,train
a3Iqv8K0_XE_000013_000023_6.5_10.0,chicken_crowing,train
a3Iqv8K0_XE_000030_000040_2.5_6.0,chicken_crowing,train
a3Iqv8K0_XE_000030_000040_4.0_8.5,chicken_crowing,train
aaGL5l7WEZc_000030_000040_6.0_10.0,chicken_crowing,train
bKbWi0MSoQk_000032_000042_6.5_9.5,chicken_crowing,train
bezUdnkWlSs_000010_000020_1.5_5.0,chicken_crowing,train
cPkmeDIcyVA_000030_000040_2.0_5.5,chicken_crowing,train
eQRSBs5ox7I_000094_000104_5.5_10.0,chicken_crowing,train
eRsuAfoCN8A_000006_000016_5.0_8.5,chicken_crowing,train
eRsuAfoCN8A_000008_000018_2.5_7.0,chicken_crowing,train
eRsuAfoCN8A_000008_000018_6.5_9.5,chicken_crowing,train
fIzqm8CUV3k_000013_000023_3.5_8.5,chicken_crowing,train
fIzqm8CUV3k_000069_000079_0.5_3.5,chicken_crowing,train
fIzqm8CUV3k_000069_000079_1.5_5.5,chicken_crowing,train
gDSYB2VcRFU_000027_000037_6.5_10.0,chicken_crowing,train
gKvJr_8728A_000002_000012_4.5_8.0,chicken_crowing,train
hHs5je_FTaM_000090_000100_3.5_7.0,chicken_crowing,train
hHs5je_FTaM_000090_000100_5.0_9.5,chicken_crowing,train
htKnR_TRgLM_000016_000026_1.0_5.0,chicken_crowing,train
iC1jyQEyhWw_000030_000040_4.0_8.5,chicken_crowing,train
iEA86sH3Nx0_000030_000040_0.0_4.0,chicken_crowing,train
jb20hKUYHYo_000013_000023_2.5_7.0,chicken_crowing,train
m-ftjmX6NmE_000068_000078_1.0_7.0,chicken_crowing,train
q-CDpV9bFXE_000074_000084_7.0_10.0,chicken_crowing,train
qOlNSyysyuI_000005_000015_2.5_6.5,chicken_crowing,train
tQd9tnArz30_000060_000070_1.0_4.5,chicken_crowing,train
tQd9tnArz30_000060_000070_4.5_7.5,chicken_crowing,train
taVKHcgqUew_000001_000011_3.5_6.5,chicken_crowing,train
x76-gh2JVy8_000241_000251_2.5_8.5,chicken_crowing,train
xqN9wj_QgIA_000030_000040_4.5_10.0,chicken_crowing,train
zBeMgfK69C8_000030_000040_2.0_6.0,chicken_crowing,train
zrfapKLZwAU_000030_000040_5.0_9.0,chicken_crowing,train
-AWooU1PDiM_000070_000080_0.0_6.5,dog_barking,train
077_m7wNT3I_000020_000030_7.0_10.0,dog_barking,train
0Cw7T_rMgn0_000002_000012_1.0_5.0,dog_barking,train
12lHWBzDR9E_000030_000040_1.5_10.0,dog_barking,train
2KyV_FKgm5A_000034_000044_1.0_5.0,dog_barking,train
2doTYxZzbTU_000031_000041_3.0_6.0,dog_barking,train
2l0BcqqUwc4_000140_000150_5.0_10.0,dog_barking,train
3-M_MA09Tgc_000018_000028_1.5_5.0,dog_barking,train
4jW7xTLOjtc_000043_000053_1.0_7.0,dog_barking,train
4pxb7e1U6VU_000177_000187_7.0_10.0,dog_barking,train
4x2OdlSk5Ms_000545_000555_1.0_5.0,dog_barking,train
5csYYtS7Pck_000020_000030_0.0_8.0,dog_barking,train
5nAvo9b2_SY_000020_000030_5.0_10.0,dog_barking,train
63Yp1mEiLwU_000012_000022_0.0_3.0,dog_barking,train
6zLh9GczKOk_000030_000040_2.0_7.5,dog_barking,train
7KSXUptBBYQ_000090_000100_4.0_8.0,dog_barking,train
89lLjaKtXKU_000014_000024_6.0_10.0,dog_barking,train
8K7OiwKgR08_000010_000020_3.5_6.5,dog_barking,train
8TWtLCjUI5I_000000_000010_3.5_6.5,dog_barking,train
8fMnn6coUhQ_000000_000010_4.0_10.0,dog_barking,train
92vVMZ4Zkcc_000000_000010_7.0_10.0,dog_barking,train
9l0yZyQ7GY4_000010_000020_2.0_6.5,dog_barking,train
AF0CtMb81t8_000030_000040_2.5_6.0,dog_barking,train
AfPPvn41T38_000028_000038_0.5_10.0,dog_barking,train
Ao4ls4kFejw_000050_000060_3.0_6.0,dog_barking,train
AyRHwZyYxEs_000003_000013_0.0_5.0,dog_barking,train
B6kHGmBYycY_000030_000040_0.0_4.0,dog_barking,train
BCcdatk468s_000070_000080_0.0_8.0,dog_barking,train
Bqqk2iB4Uq4_000018_000028_3.5_6.5,dog_barking,train
Bs6a7tENmJQ_000040_000050_5.5_8.5,dog_barking,train
CM5W31FRa7o_000030_000040_5.0_10.0,dog_barking,train
CNxIeasZD74_000020_000030_0.0_4.0,dog_barking,train
CgrFzqunnEk_000062_000072_3.0_7.5,dog_barking,train
CtUZ9HljxMQ_000021_000031_0.0_5.0,dog_barking,train
Ew71HjD-tgA_000020_000030_0.5_8.0,dog_barking,train
Ey7CIPAeqsY_000030_000040_3.5_6.5,dog_barking,train
Fon1IZ0fRSI_000000_000010_2.5_8.0,dog_barking,train
HhQ41vxrZmE_000030_000040_3.0_9.0,dog_barking,train
I3kPmcHvMrg_000030_000040_2.5_6.5,dog_barking,train
Im1UwtffSmY_000030_000040_4.0_8.5,dog_barking,train
Iuaa8zzjW8E_000037_000047_1.5_4.5,dog_barking,train
JXBNGfDy2DY_000354_000364_2.5_10.0,dog_barking,train
LpfewILEuUU_000020_000030_6.5_10.0,dog_barking,train
MgD5JedaXGs_000020_000030_0.0_3.5,dog_barking,train
MkJuGDph-1k_000070_000080_0.5_10.0,dog_barking,train
Mqfm03TuWRY_000068_000078_2.5_8.0,dog_barking,train
MrrxA1Doh-g_000007_000017_4.0_9.5,dog_barking,train
NDsC25x_gUI_000060_000070_0.0_6.5,dog_barking,train
P2GpecJsMqk_000030_000040_1.5_9.5,dog_barking,train
PpM8yYTUzkE_000002_000012_0.0_3.0,dog_barking,train
QflNRgKJPkU_000028_000038_7.0_10.0,dog_barking,train
RVYyr7RO8ck_000080_000090_6.5_10.0,dog_barking,train
Sbo4kYSnOuk_000010_000020_6.0_9.0,dog_barking,train
T79l7dlAsi8_000035_000045_0.0_6.5,dog_barking,train
UfAH9j7mCbA_000000_000010_6.0_9.5,dog_barking,train
WJ2yas2yKxw_000020_000030_0.0_4.0,dog_barking,train
WhwVPD7OXqo_000146_000156_0.0_3.0,dog_barking,train
XCcB-gEsCbc_000053_000063_0.0_4.5,dog_barking,train
Xecb_5XO81Q_000010_000020_0.0_4.5,dog_barking,train
XnB0E1Z-Sjo_000029_000039_4.0_7.0,dog_barking,train
YTfBkI7sVjE_000013_000023_6.0_9.0,dog_barking,train
YpOiSBMXn3o_000060_000070_1.5_4.5,dog_barking,train
Yvx9iGdJaWA_000024_000034_6.0_9.5,dog_barking,train
ZDVZ6MgbwuE_000027_000037_1.0_4.5,dog_barking,train
_ndvkNuB76U_000051_000061_1.5_6.5,dog_barking,train
b9Jzj2cmWvQ_000010_000020_4.5_10.0,dog_barking,train
bLc18GgFNwA_000070_000080_5.0_10.0,dog_barking,train
cOCvrRkr7Dc_000010_000020_7.0_10.0,dog_barking,train
cRt6_axWZqY_000020_000030_6.5_10.0,dog_barking,train
dzYF7gLRnoU_000000_000010_0.0_10.0,dog_barking,train
fVx5NBw1diU_000090_000100_3.0_7.0,dog_barking,train
fw_ax5zqw9g_000100_000110_0.0_10.0,dog_barking,train
gRi0-hqHqB4_000012_000022_6.0_9.0,dog_barking,train
h0d3HZsVHgg_000205_000215_0.0_4.0,dog_barking,train
hMS66vFwJN8_000030_000040_0.0_5.0,dog_barking,train
iETRoK0dKxs_000020_000030_6.0_10.0,dog_barking,train
iFPv4jv46ZM_000000_000010_5.0_8.0,dog_barking,train
kJuv-u4V5pI_000077_000087_2.5_7.5,dog_barking,train
m6PBJSI-HyI_000030_000040_7.0_10.0,dog_barking,train
oqU8SM6DKD0_000019_000029_0.5_3.5,dog_barking,train
qJabn6CtR2g_000025_000035_5.0_9.0,dog_barking,train
rgeNP5nGQek_000200_000210_5.5_10.0,dog_barking,train
sRKyvq20rY4_000002_000012_0.0_3.5,dog_barking,train
t2xJjZp1D1E_000009_000019_0.0_3.0,dog_barking,train
tOXfOfn_QaA_000020_000030_6.5_10.0,dog_barking,train
ux7HhOxMRE4_000020_000030_7.0_10.0,dog_barking,train
wNQ3qOpy2Eo_000150_000160_1.5_5.5,dog_barking,train
wlGiRzk8o5w_000020_000030_4.0_10.0,dog_barking,train
z88jt7qWYtY_000020_000030_7.0_10.0,dog_barking,train
zcX7z-03aLM_000006_000016_2.5_6.0,dog_barking,train
0aA8V88_djQ_000010_000020_1.5_4.5,frog_croaking,train
0sIYpf3_JWQ_000058_000068_0.0_5.0,frog_croaking,train
1eVRq4bFKqI_000011_000021_3.5_8.0,frog_croaking,train
1hAUWw7L3BY_000165_000175_0.0_3.5,frog_croaking,train
2FAUhONUM4k_000002_000012_0.0_3.0,frog_croaking,train
2d43OFDr5aI_000001_000011_0.0_3.5,frog_croaking,train
2d43OFDr5aI_000001_000011_2.0_6.0,frog_croaking,train
3mebfy8rMKs_000000_000010_1.5_4.5,frog_croaking,train
4Kasu4SBTsI_000004_000014_7.0_10.0,frog_croaking,train
4sXlS5b1ddU_000016_000026_5.5_8.5,frog_croaking,train
5A9rQUuJgBU_000010_000020_0.0_3.5,frog_croaking,train
6UYP_v7eipM_000009_000019_7.0_10.0,frog_croaking,train
6ZiqMB3DZXw_000161_000171_1.0_4.5,frog_croaking,train
6ZiqMB3DZXw_000161_000171_2.5_5.5,frog_croaking,train
6vfqtuV6Law_000005_000015_1.0_4.0,frog_croaking,train
6vfqtuV6Law_000005_000015_1.5_4.5,frog_croaking,train
6vfqtuV6Law_000048_000058_2.5_6.0,frog_croaking,train
6zIM8ZcO1ks_000030_000040_3.3_5.5,frog_croaking,train
6zIM8ZcO1ks_000030_000040_5.0_8.5,frog_croaking,train
CC4NGM8XDg8_000069_000079_4.0_8.0,frog_croaking,train
CDWFu6k3Fyc_000305_000315_3.0_8.0,frog_croaking,train
CkxunRx3_-o_000000_000010_4.0_7.0,frog_croaking,train
CkxunRx3_-o_000000_000010_5.0_8.0,frog_croaking,train
CocisZxgkVU_000022_000032_1.0_4.5,frog_croaking,train
E68sGobO5GA_000000_000010_0.0_3.5,frog_croaking,train
E68sGobO5GA_000011_000021_0.5_3.5,frog_croaking,train
G9fePINE3lU_000008_000018_0.0_5.0,frog_croaking,train
GwlX_hzX6q4_000044_000054_0.0_3.5,frog_croaking,train
GwlX_hzX6q4_000044_000054_1.5_10.0,frog_croaking,train
Ie8zudWfCMc_000069_000079_1.3_3.5,frog_croaking,train
J7CT4ItmR_8_000000_000010_3.5_7.0,frog_croaking,train
JF4V_YfGiRw_000073_000083_0.5_4.0,frog_croaking,train
K3vQVtQElqA_000000_000010_5.0_8.0,frog_croaking,train
KWycgaVeTK8_000000_000010_0.0_5.0,frog_croaking,train
KWycgaVeTK8_000028_000038_0.0_3.0,frog_croaking,train
MxlKNay7Kcs_000004_000014_0.0_7.0,frog_croaking,train
MxlKNay7Kcs_000032_000042_1.0_3.5,frog_croaking,train
PESOZDnR-d4_000017_000027_2.8_8.5,frog_croaking,train
PUTvgrTcdZ0_000014_000024_0.0_5.0,frog_croaking,train
PUTvgrTcdZ0_000014_000024_3.0_8.5,frog_croaking,train
PvnP164MdVM_000070_000080_6.0_9.0,frog_croaking,train
QUvop5uXVNM_000015_000025_4.0_7.0,frog_croaking,train
Sb6bqVDpZd4_000008_000018_4.5_8.5,frog_croaking,train
T0Epkxs28YM_000002_000012_5.5_10.0,frog_croaking,train
UmW_hSc4M18_000000_000010_0.5_4.0,frog_croaking,train
UmW_hSc4M18_000000_000010_2.0_6.0,frog_croaking,train
VDuvK0u8XyY_000012_000022_2.0_5.0,frog_croaking,train
VbCdxSAO4fg_000078_000088_5.0_7.2,frog_croaking,train
VrNMvugPPUI_000002_000012_0.0_9.0,frog_croaking,train
XLBPzBDvu3U_000031_000041_0.5_4.0,frog_croaking,train
XcFKQKjv0-o_000011_000021_0.0_7.0,frog_croaking,train
XcFKQKjv0-o_000011_000021_6.5_10.0,frog_croaking,train
XcFKQKjv0-o_000024_000034_5.0_10.0,frog_croaking,train
Xmm6UGn8ku0_000041_000051_2.5_4.8,frog_croaking,train
ZnqQ0cZZg1Y_000005_000015_0.5_4.5,frog_croaking,train
ZnqQ0cZZg1Y_000005_000015_3.5_7.5,frog_croaking,train
_bTgFkmACf0_000053_000063_1.5_5.0,frog_croaking,train
_cW-ybXSseo_000017_000027_3.5_6.5,frog_croaking,train
c2S1Iyoxc2I_000135_000145_4.0_8.0,frog_croaking,train
c8YyQa4LpCk_000007_000017_1.0_4.5,frog_croaking,train
csz8nquY3Yw_000000_000010_7.0_10.0,frog_croaking,train
csz8nquY3Yw_000024_000034_0.0_8.0,frog_croaking,train
eCqHJknk-eQ_000032_000042_4.0_7.5,frog_croaking,train
euaiZGM4brA_000039_000049_0.0_3.0,frog_croaking,train
fPCwL7tr72A_000001_000011_2.5_7.5,frog_croaking,train
fPCwL7tr72A_000019_000029_3.0_7.0,frog_croaking,train
figAt3ZN1Iw_000028_000038_0.0_4.0,frog_croaking,train
fjtYm7UI7LM_000125_000135_0.0_10.0,frog_croaking,train
hDSt7FDyK4w_000022_000032_2.0_5.0,frog_croaking,train
hKR3zSW9qLk_000020_000030_0.0_6.0,frog_croaking,train
hnfkbigyqIo_000055_000065_3.0_7.0,frog_croaking,train
hnfkbigyqIo_000098_000108_1.0_7.0,frog_croaking,train
i_hhSKWxzeU_000038_000048_4.0_9.5,frog_croaking,train
kU2p7MP0mgw_000073_000083_6.5_9.5,frog_croaking,train
keNmi7UyZac_000007_000017_0.5_4.5,frog_croaking,train
oJ8r0hglNZ4_000024_000034_6.5_9.5,frog_croaking,train
oyluGCZUz54_000002_000012_0.0_3.5,frog_croaking,train
oyluGCZUz54_000022_000032_3.8_6.0,frog_croaking,train
pdQyaAGodI0_000004_000014_3.5_7.0,frog_croaking,train
pk8TeYzd0T4_000008_000018_0.0_4.5,frog_croaking,train
tYzH5rkbuBQ_000000_000010_1.5_5.0,frog_croaking,train
u9Llxysyi2I_000020_000030_7.3_9.5,frog_croaking,train
vNH2yj87FJA_000009_000019_0.0_4.0,frog_croaking,train
wbXItUDliuo_000087_000097_0.0_3.0,frog_croaking,train
wbXItUDliuo_000087_000097_0.5_3.5,frog_croaking,train
y91DmqNJupw_000052_000062_2.5_5.0,frog_croaking,train
y91DmqNJupw_000052_000062_3.0_10.0,frog_croaking,train
yBcw-FUH0Ow_000019_000029_0.5_4.5,frog_croaking,train
yV1P9fZ9_os_000035_000045_4.0_7.0,frog_croaking,train
zdrhlgiffeo_000012_000022_3.5_8.0,frog_croaking,train
-1VcGT09lUI_000208_000218_0.5_3.5,hammering,train
-Wigi5NZWPY_000047_000057_0.0_3.0,hammering,train
0ms8GQ5eiho_000022_000032_3.5_6.5,hammering,train
0yZq5SPNaTQ_000425_000435_0.0_3.5,hammering,train
17-jQfwBk44_000202_000212_4.0_6.0,hammering,train
2y3UxGJK2uw_000495_000505_0.5_3.5,hammering,train
3-1aolaLnJ4_000036_000046_6.5_10.0,hammering,train
51RuE59C1Jc_000079_000089_0.0_4.5,hammering,train
5WbYvoqG3fo_000074_000084_3.5_6.3,hammering,train
5WbYvoqG3fo_000138_000148_4.0_9.0,hammering,train
8swkDgCkrGs_000006_000016_1.5_8.0,hammering,train
99DwikhJpcg_000011_000021_2.5_5.5,hammering,train
99DwikhJpcg_000021_000031_4.5_8.0,hammering,train
9r65ytaWJfA_000231_000241_5.0_8.0,hammering,train
AYwvKymS-BU_000070_000080_2.0_5.5,hammering,train
AYwvKymS-BU_000080_000090_2.0_5.0,hammering,train
AeBc20MLAic_000248_000258_0.0_3.0,hammering,train
B8m0Dau1HbM_000053_000063_0.0_2.0,hammering,train
BZK5xQsIMfs_000020_000030_4.0_8.5,hammering,train
BZK5xQsIMfs_000072_000082_3.0_5.5,hammering,train
DSp4wteM0Cs_000247_000257_5.9_8.0,hammering,train
DSp4wteM0Cs_000247_000257_6.0_9.5,hammering,train
EXrUYmn6SXc_000045_000055_0.5_4.0,hammering,train
FnJIoPY7gBE_000076_000086_0.0_3.0,hammering,train
FnJIoPY7gBE_000076_000086_1.5_6.5,hammering,train
GhB5NIT7zFA_000135_000145_4.5_9.5,hammering,train
Hmp0x7LBCo0_000008_000018_1.0_5.5,hammering,train
JKQG9DW78Rs_000063_000073_4.0_7.0,hammering,train
K-Zg1-fR9kU_000088_000098_3.0_6.0,hammering,train
MBICpOiWZks_000014_000024_2.5_8.5,hammering,train
MN4D-0ukfJY_000001_000011_5.5_9.0,hammering,train
MN4D-0ukfJY_000011_000021_1.0_4.0,hammering,train
Mwathy0O9jU_000043_000053_6.0_9.0,hammering,train
NahtVXWXt3E_000378_000388_1.0_3.5,hammering,train
NahtVXWXt3E_000568_000578_0.0_3.0,hammering,train
OL0_rg-0sbk_000033_000043_4.5_6.5,hammering,train
QHqNbN6mo1Q_000013_000023_4.5_7.5,hammering,train
S7n8hhwq2GY_000039_000049_0.0_3.0,hammering,train
SLl3-jvTmBk_000068_000078_0.5_5.5,hammering,train
SQfTvzvUJ6k_000006_000016_0.0_4.5,hammering,train
SQfTvzvUJ6k_000006_000016_4.5_7.5,hammering,train
TaXGnHoNBQI_000104_000114_0.0_4.5,hammering,train
TaXGnHoNBQI_000329_000339_3.0_6.0,hammering,train
UhZphhr63WI_000065_000075_0.0_3.0,hammering,train
Vth_INW_-Hk_000137_000147_0.0_3.0,hammering,train
Vth_INW_-Hk_000137_000147_2.0_4.0,hammering,train
WKlfyztuZ7I_000062_000072_0.0_3.0,hammering,train
WM44aqAU8rw_000703_000713_1.5_9.5,hammering,train
XTDo4OaFapg_000100_000110_1.0_6.0,hammering,train
YTbGgxxln6g_000027_000037_0.0_7.0,hammering,train
Ydr_uNMUmZM_000056_000066_0.5_5.0,hammering,train
Z6e2O3Mk4a8_000069_000079_2.0_5.0,hammering,train
ZfGiSUAR1M0_000907_000917_0.5_3.5,hammering,train
acxk_5QZzNY_000000_000010_1.5_5.0,hammering,train
bjDSOZy0ox8_000015_000025_2.5_6.0,hammering,train
bjDSOZy0ox8_000015_000025_6.4_8.5,hammering,train
cDnmhQsKYLw_000027_000037_5.5_8.5,hammering,train
cyLuVr6KXAM_000000_000010_1.5_4.5,hammering,train
dK6eZGeDjZg_000148_000158_1.5_4.0,hammering,train
dhy3Cf2gcX8_000375_000385_1.5_4.5,hammering,train
f-zF4trKRfQ_000050_000060_6.5_10.0,hammering,train
f-zF4trKRfQ_000050_000060_6.5_8.5,hammering,train
fCAnce0whF4_000079_000089_7.0_10.0,hammering,train
fLEM7amr21o_000250_000260_1.5_4.5,hammering,train
fesUcNK6Nf0_000117_000127_7.0_10.0,hammering,train
fjhqZxE-USo_000024_000034_0.0_4.0,hammering,train
g1xMvAh1ifE_000066_000076_2.5_5.5,hammering,train
gcBUpboDmjc_000017_000027_4.5_6.5,hammering,train
gcBUpboDmjc_000033_000043_1.0_5.0,hammering,train
h3cFTbRIzdY_000106_000116_2.5_5.5,hammering,train
hirkeAwbrfY_000034_000044_4.0_7.0,hammering,train
hvhoZnyqYZI_000004_000014_6.0_9.5,hammering,train
i4woNas3E00_000150_000160_0.0_3.5,hammering,train
ipVVIkve0m4_000041_000051_7.0_10.0,hammering,train
ipVVIkve0m4_000055_000065_4.0_8.0,hammering,train
jMZTET3zw88_000048_000058_4.0_7.0,hammering,train
ja0fLBcuGiU_000096_000106_6.5_9.5,hammering,train
lBx-cRNnVC4_000029_000039_1.0_4.0,hammering,train
lptpDgCE0N4_000083_000093_0.0_3.0,hammering,train
nFixdaWQ0lw_000149_000159_7.0_10.0,hammering,train
nO9Z_kqsTjs_000083_000093_2.5_5.5,hammering,train
nlq4BIE0Lro_000029_000039_1.8_4.0,hammering,train
ntmttPBZemM_000416_000426_1.0_4.0,hammering,train
oQevoTroj0U_000108_000118_0.0_2.0,hammering,train
p_He36sZ-4A_000052_000062_0.0_2.0,hammering,train
tK9wN6b4MTw_000298_000308_1.5_4.5,hammering,train
wOCXCBg5otU_001116_001126_1.0_4.5,hammering,train
wOCXCBg5otU_001116_001126_2.5_5.5,hammering,train
xmpQBOEV9-Q_000119_000129_2.5_6.0,hammering,train
xmpQBOEV9-Q_000119_000129_4.0_8.0,hammering,train
-QlgGKvOyqs_000073_000083_3.5_7.5,lions_roaring,train
-d1lAtyWGrM_000017_000027_1.5_4.5,lions_roaring,train
0TqOnQyMK_Q_000114_000124_3.5_6.5,lions_roaring,train
2C4P_aYRC0o_000006_000016_0.0_3.5,lions_roaring,train
2C4P_aYRC0o_000006_000016_1.5_10.0,lions_roaring,train
30OKuAy9LNs_000035_000045_0.0_3.0,lions_roaring,train
3HSRX24Nj4Q_000003_000013_4.0_9.5,lions_roaring,train
3HSRX24Nj4Q_000018_000028_0.0_3.5,lions_roaring,train
4PQAJ_WycUo_000012_000022_1.0_4.0,lions_roaring,train
4YTzxIjvOb8_000002_000012_5.5_8.5,lions_roaring,train
5xOhn5QpvdE_000178_000188_4.0_7.5,lions_roaring,train
6YS3ewiOBkU_000007_000017_5.0_8.5,lions_roaring,train
73cfZ0ugMkc_000002_000012_0.5_8.5,lions_roaring,train
7tVmj7Ils8M_000026_000036_0.0_3.0,lions_roaring,train
9S4-bVB6v0Q_000005_000015_0.0_10.0,lions_roaring,train
9XxdLJCvRwI_000004_000014_0.0_3.5,lions_roaring,train
A2FMM_PmPf4_000037_000047_3.0_6.0,lions_roaring,train
ATq96KU_biQ_000000_000010_4.0_10.0,lions_roaring,train
AcDC26-jBvw_000039_000049_2.5_9.5,lions_roaring,train
AxeN3Geyzf4_000023_000033_1.5_5.5,lions_roaring,train
Bbq7hUbE6Eo_000056_000066_4.5_8.0,lions_roaring,train
Bi0wF7k2M4A_000054_000064_4.5_10.0,lions_roaring,train
Blmiz18_bZw_000008_000018_4.5_8.5,lions_roaring,train
C0i90WmUMvE_000109_000119_2.5_6.0,lions_roaring,train
C7ybHpzT-Wc_000018_000028_3.0_10.0,lions_roaring,train
Ck4V96rptIM_000013_000023_0.0_6.5,lions_roaring,train
D1nA_IqW72A_000002_000012_2.0_10.0,lions_roaring,train
DPlSp0M9Mgs_000009_000019_0.0_3.5,lions_roaring,train
DdiIdDTQKck_000077_000087_0.0_7.0,lions_roaring,train
EVaKVCwJJrQ_000001_000011_5.5_10.0,lions_roaring,train
EiTMXpC-jD4_000000_000010_4.5_7.5,lions_roaring,train
F-p8xsDSjnw_000030_000040_0.0_4.5,lions_roaring,train
F_w7uu4hmLU_000004_000014_0.0_10.0,lions_roaring,train
G7StfbQcxDU_000006_000016_0.0_10.0,lions_roaring,train
HiM0cqYAV7Q_000020_000030_0.5_5.5,lions_roaring,train
I0uqJiuZGcI_000087_000097_0.0_5.5,lions_roaring,train
JE0ThPjXiK0_000029_000039_6.0_9.0,lions_roaring,train
L7vPkRtLOec_000000_000010_3.5_10.0,lions_roaring,train
LhOobR33d9o_000025_000035_0.0_10.0,lions_roaring,train
LyUa30uGBhQ_000017_000027_0.0_8.5,lions_roaring,train
ML66Le-Zf78_000025_000035_2.5_7.5,lions_roaring,train
NSYSX_7fwag_000030_000040_0.0_10.0,lions_roaring,train
NgAjity9FRs_000001_000011_5.0_8.5,lions_roaring,train
NqSxZ2ZmjSU_000016_000026_5.5_9.5,lions_roaring,train
NvAScGaKUIA_000030_000040_0.5_10.0,lions_roaring,train
O3FBuQrOGQY_000025_000035_1.0_8.5,lions_roaring,train
OETKlLnE5vI_000002_000012_5.5_10.0,lions_roaring,train
P4prSPyPg1I_000007_000017_0.0_4.0,lions_roaring,train
RF-ULxC-GkA_000064_000074_3.5_8.5,lions_roaring,train
Rp37k5_Eci0_000030_000040_6.5_10.0,lions_roaring,train
RsYAulhucVI_000022_000032_0.0_10.0,lions_roaring,train
Sc-Nrze92ps_000014_000024_6.5_10.0,lions_roaring,train
UNGwgf483mA_000008_000018_6.5_9.5,lions_roaring,train
Usp6FviebGg_000015_000025_0.0_7.0,lions_roaring,train
Uu0JuSNp5V0_000011_000021_0.0_4.0,lions_roaring,train
Yqo41N8k31A_000132_000142_6.5_9.5,lions_roaring,train
bBMcsO6IeDE_000021_000031_0.0_4.5,lions_roaring,train
d-adbXZYHxI_000006_000016_6.0_9.5,lions_roaring,train
dbuR-rhArk0_000035_000045_0.0_3.0,lions_roaring,train
eD21sJSqdRs_000000_000010_6.0_10.0,lions_roaring,train
g5F9kDpxRaA_000014_000024_3.0_6.0,lions_roaring,train
gOaQmkAlhUA_000021_000031_4.0_10.0,lions_roaring,train
gyioxO7fWzI_000046_000056_1.5_4.5,lions_roaring,train
h5xjZrd4nhc_000052_000062_2.5_5.5,lions_roaring,train
h7Dh4HU8DzI_000002_000012_0.0_10.0,lions_roaring,train
hAOOvEmAY7c_000012_000022_2.5_8.0,lions_roaring,train
hNeXXJrQDyk_000008_000018_1.0_5.0,lions_roaring,train
hU9pd28hyhc_000003_000013_1.5_10.0,lions_roaring,train
ifGuIUPl1hE_000030_000040_0.0_10.0,lions_roaring,train
j-_QCfVQOAc_000006_000016_0.5_10.0,lions_roaring,train
kuH7oqSAcuY_000006_000016_5.0_10.0,lions_roaring,train
lwNQHu8yYwo_000028_000038_0.0_9.0,lions_roaring,train
ne3FEwgc3-g_000001_000011_1.0_10.0,lions_roaring,train
nvqlA_qxIEM_000012_000022_7.0_10.0,lions_roaring,train
oazPmtcHzwQ_000024_000034_0.5_4.5,lions_roaring,train
pC24FU_7YNs_000083_000093_0.0_3.5,lions_roaring,train
pMOQikEqxdw_000025_000035_0.5_10.0,lions_roaring,train
pgTZBjwf3qM_000009_000019_5.5_9.0,lions_roaring,train
qDoMWd3OS5Q_000014_000024_1.0_10.0,lions_roaring,train
rKvW0x3MDrk_000033_000043_3.0_6.0,lions_roaring,train
s9rXzaZ6JmI_000030_000040_6.5_10.0,lions_roaring,train
srsXEvgEuZU_000004_000014_0.0_7.5,lions_roaring,train
t0ZM-bMQDtI_000001_000011_3.5_6.5,lions_roaring,train
t6ptMKWbhew_000054_000064_4.0_7.0,lions_roaring,train
tbGbBpbCBvA_000007_000017_6.5_10.0,lions_roaring,train
tdC33AXcezQ_000007_000017_1.0_7.0,lions_roaring,train
uAyp9mSzQ_E_000003_000013_2.0_7.5,lions_roaring,train
uz2pxQKVBmY_000029_000039_0.0_4.5,lions_roaring,train
wuAcPWyHMXo_000008_000018_0.0_5.5,lions_roaring,train
yIYzyZzDnK8_000042_000052_0.0_7.0,lions_roaring,train
-L2ku2l9i5M_000020_000030_0.0_4.5,machine_gun_shooting,train
-LzsgrGPV6o_000030_000040_0.0_8.0,machine_gun_shooting,train
-NromfAJyZs_000030_000040_0.0_6.5,machine_gun_shooting,train
0Stq3XQqmYE_000010_000020_2.0_5.0,machine_gun_shooting,train
0jrsmryRhBQ_000654_000664_6.5_9.5,machine_gun_shooting,train
18rM7nNvjD8_000150_000160_5.0_8.5,machine_gun_shooting,train
1IrbIhduwYQ_000010_000020_0.0_7.0,machine_gun_shooting,train
35zwOkXkDt4_000224_000234_0.0_7.0,machine_gun_shooting,train
3d7rmZ09E5I_000051_000061_5.5_8.5,machine_gun_shooting,train
4CVZmsDTqr8_000262_000272_5.0_10.0,machine_gun_shooting,train
4zSpvvvFNRw_000050_000060_7.0_10.0,machine_gun_shooting,train
7BxgB1zoqKQ_000234_000244_0.0_4.5,machine_gun_shooting,train
7BxgB1zoqKQ_000322_000332_0.0_6.5,machine_gun_shooting,train
7FLyXxWy7Mo_000067_000077_0.0_5.5,machine_gun_shooting,train
7lTxJy-TVZU_000020_000030_0.0_3.5,machine_gun_shooting,train
7lTxJy-TVZU_000020_000030_0.0_6.0,machine_gun_shooting,train
7lxTe_gvcuI_000000_000010_0.0_10.0,machine_gun_shooting,train
850PpzdYeUU_000000_000010_1.5_8.5,machine_gun_shooting,train
88jxgPY-dQk_000050_000060_1.0_10.0,machine_gun_shooting,train
A-x6OnU8UR4_000012_000022_0.0_7.5,machine_gun_shooting,train
A6cqYLdIqmI_000359_000369_0.0_3.0,machine_gun_shooting,train
ASNVv0gTdCM_000020_000030_3.0_6.5,machine_gun_shooting,train
AwW31u6wYvE_000019_000029_0.5_6.5,machine_gun_shooting,train
B-VJERTwTJc_000178_000188_0.0_7.5,machine_gun_shooting,train
BSizVpfqFtw_000128_000138_6.8_9.0,machine_gun_shooting,train
C9n__zk2DY8_000061_000071_1.0_8.5,machine_gun_shooting,train
CP4AdJG80gY_000070_000080_1.5_4.5,machine_gun_shooting,train
E55BlYjxCYY_000011_000021_0.0_3.0,machine_gun_shooting,train
ERra12KuEvw_000153_000163_0.0_4.0,machine_gun_shooting,train
ERxpa14WnSo_000166_000176_0.0_4.5,machine_gun_shooting,train
FKjjWCqGQhs_000103_000113_1.0_7.0,machine_gun_shooting,train
FXBVm1l3by8_000020_000030_0.0_6.5,machine_gun_shooting,train
Ff4yfllWmq4_000010_000020_0.0_3.5,machine_gun_shooting,train
GnymzE-YFD8_000040_000050_5.5_10.0,machine_gun_shooting,train
GueOh9nkQ38_000080_000090_2.0_7.0,machine_gun_shooting,train
H2CJOf1-OoA_000030_000040_0.0_3.0,machine_gun_shooting,train
HIFv8XUBB2o_000323_000333_4.0_7.5,machine_gun_shooting,train
HY_lPyHyqLU_000183_000193_6.0_10.0,machine_gun_shooting,train
JAC0_tcY0T8_000030_000040_1.5_4.5,machine_gun_shooting,train
JQ95FH0N7ZQ_000020_000030_5.0_7.5,machine_gun_shooting,train
JuZ7UH1vqSQ_000070_000080_2.5_6.0,machine_gun_shooting,train
KJIqrmcwHqU_000025_000035_0.0_3.5,machine_gun_shooting,train
LIUowNjRNwE_000125_000135_0.0_3.5,machine_gun_shooting,train
LJppR-V0Wdc_000002_000012_0.0_3.0,machine_gun_shooting,train
LfNUJZh10oo_000025_000035_0.0_3.0,machine_gun_shooting,train
MSH0GwZj8BI_000189_000199_0.0_6.0,machine_gun_shooting,train
NO6e8kJ4n8s_000000_000010_0.0_3.5,machine_gun_shooting,train
NXMZr0kPpn8_000290_000300_4.5_7.0,machine_gun_shooting,train
OEaI9V7w_0k_000000_000010_0.5_3.5,machine_gun_shooting,train
PhWzk0228dc_000122_000132_0.0_5.0,machine_gun_shooting,train
RH7IVn9jk6k_000024_000034_0.0_5.0,machine_gun_shooting,train
ScHqZOcWWOc_000000_000010_5.0_8.0,machine_gun_shooting,train
SlT08lJpQ48_000123_000133_0.0_5.0,machine_gun_shooting,train
St1SiC_WmzQ_000007_000017_1.0_4.0,machine_gun_shooting,train
TX2xLcJgUko_000040_000050_0.0_5.0,machine_gun_shooting,train
UF6FHc1CeqE_000431_000441_0.0_3.0,machine_gun_shooting,train
UH_ZHao6c3M_000023_000033_6.5_10.0,machine_gun_shooting,train
Ubz-zCifh_U_000000_000010_0.0_3.0,machine_gun_shooting,train
Vo2_AA-XGr8_000039_000049_1.5_4.0,machine_gun_shooting,train
W4oYuYGMwdw_000841_000851_0.0_3.0,machine_gun_shooting,train
Yqo1yD2nL70_000230_000240_0.0_4.0,machine_gun_shooting,train
_7fB2-S7sC0_000124_000134_0.0_4.5,machine_gun_shooting,train
_7fB2-S7sC0_000449_000459_0.5_4.5,machine_gun_shooting,train
_HtzgvcnscE_000280_000290_0.0_4.0,machine_gun_shooting,train
a5fNyewhE8k_000030_000040_1.0_4.0,machine_gun_shooting,train
aAnCOKxPgaA_000140_000150_2.0_10.0,machine_gun_shooting,train
ayZClbRuLTQ_000111_000121_0.0_4.5,machine_gun_shooting,train
bnqsQhk2yX0_000040_000050_0.0_3.5,machine_gun_shooting,train
btiGpTrcya8_000077_000087_0.0_5.0,machine_gun_shooting,train
dXbOU2_Yh7A_000400_000410_0.0_3.0,machine_gun_shooting,train
e1j5vGO5Knw_000110_000120_0.0_3.0,machine_gun_shooting,train
eAHTadOobKQ_000070_000080_1.5_4.5,machine_gun_shooting,train
gCcwf1oDROA_000010_000020_2.0_7.0,machine_gun_shooting,train
gJp7a_muHs0_000542_000552_0.0_4.5,machine_gun_shooting,train
h7i5ztCYmXU_000040_000050_0.0_10.0,machine_gun_shooting,train
jC-pCAs7cWA_000000_000010_0.0_5.0,machine_gun_shooting,train
kFFJ00Bb6f4_000000_000010_0.5_3.5,machine_gun_shooting,train
mRUwXCIyLVw_000300_000310_4.0_8.5,machine_gun_shooting,train
p_cCf3qT6nI_000010_000020_3.5_6.0,machine_gun_shooting,train
q94etpfMB3A_000048_000058_4.0_8.0,machine_gun_shooting,train
qli7qLnw2Gg_000010_000020_0.0_4.0,machine_gun_shooting,train
rW42LPtspzs_000280_000290_0.5_6.0,machine_gun_shooting,train
scebm0Y_cbU_000422_000432_0.0_3.5,machine_gun_shooting,train
sz8GcLzw28k_000010_000020_0.0_3.0,machine_gun_shooting,train
tgXWJEZzFHE_000056_000066_0.5_4.5,machine_gun_shooting,train
tupSLysCAz4_000029_000039_0.0_3.5,machine_gun_shooting,train
uJ2LJVcuoaM_000040_000050_0.0_10.0,machine_gun_shooting,train
vdpdD71a8cs_000100_000110_0.0_7.0,machine_gun_shooting,train
wL9iPWb9Reg_000200_000210_0.0_6.0,machine_gun_shooting,train
zGiJKRzBG74_000185_000195_0.5_5.0,machine_gun_shooting,train
-0UyIRbzhlw_000026_000036_3.5_7.0,playing_cello,train
-ZMb-QiqDJY_000030_000040_2.5_7.0,playing_cello,train
-ZMb-QiqDJY_000101_000111_6.0_9.0,playing_cello,train
-kWBXffnROc_000030_000040_2.5_7.0,playing_cello,train
03sug8XoxNA_000005_000015_1.0_4.0,playing_cello,train
13t_QwbCSeo_000390_000400_0.0_3.5,playing_cello,train
1FAkjQEynS4_000378_000388_4.5_9.5,playing_cello,train
1a7qNq6twtk_000069_000079_3.0_8.5,playing_cello,train
2HwBdVpuwdE_000360_000370_1.5_4.5,playing_cello,train
2ps5yxeh2sM_000020_000030_0.5_5.5,playing_cello,train
2y2PUPqFLSg_000011_000021_5.5_8.5,playing_cello,train
3v-bIXklazk_000005_000015_0.0_10.0,playing_cello,train
4sD1HZsypwM_000030_000040_3.5_7.0,playing_cello,train
5O_5DPVvtho_000140_000150_3.0_7.0,playing_cello,train
5t4h4az7CzQ_000030_000040_0.0_9.0,playing_cello,train
68Zk2tTqxbE_000079_000089_0.5_3.5,playing_cello,train
7eoZQVlQURY_000080_000090_6.0_9.5,playing_cello,train
7ku02jRDGNY_000050_000060_1.0_10.0,playing_cello,train
84-Mxkujakc_000076_000086_0.0_5.0,playing_cello,train
8TPLOn32v3E_000153_000163_5.5_9.5,playing_cello,train
8TpjFOi9EgY_000010_000020_0.0_10.0,playing_cello,train
9hh5XknlASk_000121_000131_3.0_8.5,playing_cello,train
BmuCXHtvUaA_000030_000040_0.5_8.0,playing_cello,train
FD2EtGJ9k1Y_000030_000040_0.5_10.0,playing_cello,train
G6XFRkbW1wQ_000030_000040_0.0_10.0,playing_cello,train
HQSSYxEhEpI_000020_000030_1.0_9.0,playing_cello,train
Hbp9cvlqlWU_000090_000100_2.5_7.5,playing_cello,train
Hn95jm9E1k4_000170_000180_2.0_9.0,playing_cello,train
J7pFwJGBF6c_000100_000110_0.0_9.0,playing_cello,train
KF5WlKBE-og_000115_000125_1.0_10.0,playing_cello,train
L0xtW3JaAdY_000619_000629_4.0_9.5,playing_cello,train
LDtSR-Wnu8I_000090_000100_0.5_9.0,playing_cello,train
LeMDBew5Jmk_000010_000020_4.0_8.0,playing_cello,train
MYbNMNMyJEQ_000030_000040_1.5_9.0,playing_cello,train
Mw1nPIeEBcY_000150_000160_1.0_4.0,playing_cello,train
NI4Xnxm0xNU_000189_000199_0.0_8.5,playing_cello,train
P484hr4Ed98_000030_000040_1.5_10.0,playing_cello,train
PUI0Am7G-jo_000021_000031_5.5_9.0,playing_cello,train
QgKvCb4fCIs_000060_000070_0.0_4.0,playing_cello,train
QupB4NN8fI0_000030_000040_0.0_10.0,playing_cello,train
SPZwYtstx_I_000080_000090_2.0_6.5,playing_cello,train
Sf0aZczIZVU_000040_000050_0.5_9.5,playing_cello,train
SwXYeGDdLlY_000100_000110_0.0_10.0,playing_cello,train
SzmltlCOGec_000040_000050_1.5_10.0,playing_cello,train
TnTNq8LpqbI_000040_000050_0.0_4.0,playing_cello,train
TxoApYOGe6c_000420_000430_3.0_9.5,playing_cello,train
UUgdbqt2ON0_000359_000369_1.5_5.5,playing_cello,train
VX6FSbdWqlE_000030_000040_1.5_8.5,playing_cello,train
WNv7DjEF0YA_000030_000040_0.5_7.0,playing_cello,train
WacT0obM3D4_000030_000040_4.5_7.5,playing_cello,train
WjFE24n17q4_000160_000170_2.5_8.5,playing_cello,train
X01a-PdGUI8_000084_000094_0.0_10.0,playing_cello,train
X329styc0lE_000360_000370_2.5_7.0,playing_cello,train
_KRuP36W9BM_000030_000040_1.5_4.5,playing_cello,train
b6dlP7VMIdA_000110_000120_3.0_9.5,playing_cello,train
be1xym_lfd8_000030_000040_3.0_9.5,playing_cello,train
d3ttrRgTTK0_000170_000180_3.5_9.0,playing_cello,train
dI_noFyXQZE_000093_000103_5.5_10.0,playing_cello,train
dQKtLx9bVpU_000060_000070_1.5_6.5,playing_cello,train
dQMmgbKQG5Y_000130_000140_0.0_10.0,playing_cello,train
edlRpDHkz8A_000030_000040_0.5_8.5,playing_cello,train
fjj1NqEPR5U_000000_000010_0.0_8.5,playing_cello,train
gIiYXtaVfG0_000151_000161_0.0_10.0,playing_cello,train
gkwJu2BtXZc_000060_000070_5.0_9.0,playing_cello,train
hg0kUxkOEr8_000305_000315_3.5_9.5,playing_cello,train
iCOG41rKjrE_000430_000440_0.0_6.5,playing_cello,train
iab-jyDNEBM_000020_000030_4.0_7.5,playing_cello,train
k8uKrFhh6I8_000050_000060_0.0_4.5,playing_cello,train
kX4-OMWCdCc_000150_000160_1.5_5.0,playing_cello,train
kj8mrYJN1Mw_000040_000050_0.0_3.0,playing_cello,train
kmqLdhK4OxU_000696_000706_4.0_7.5,playing_cello,train
kyBbxnZ3tm4_000009_000019_0.0_9.0,playing_cello,train
l3f0RJTUJk8_000170_000180_5.5_8.5,playing_cello,train
lfcuxdnxpXc_000030_000040_1.0_9.5,playing_cello,train
mmJim2h-byQ_000166_000176_4.0_8.5,playing_cello,train
n2JanKszFoQ_000200_000210_5.0_8.0,playing_cello,train
ne0z9fnr03Q_000110_000120_0.0_5.5,playing_cello,train
nsd7Rq55esQ_000030_000040_0.0_3.0,playing_cello,train
p7LBQbIrh68_000030_000040_6.5_9.5,playing_cello,train
p8yXmuyBW3o_000119_000129_5.0_10.0,playing_cello,train
ppGxSt49hRY_000140_000150_6.5_9.5,playing_cello,train
r-Zku8Czrjc_000334_000344_0.0_8.5,playing_cello,train
thFP6rzhwYQ_000030_000040_3.5_9.5,playing_cello,train
uNM7GDdcVUs_000180_000190_1.0_9.0,playing_cello,train
v1G3oCDAMcQ_000030_000040_4.0_10.0,playing_cello,train
v1q8DpAGCw4_000130_000140_4.0_10.0,playing_cello,train
v7Nh_3Ukco0_000070_000080_5.0_9.5,playing_cello,train
wACpmqrFZfA_000030_000040_3.0_7.0,playing_cello,train
wn-HRhTm7sY_000360_000370_1.0_10.0,playing_cello,train
x97K7LfXfEs_000073_000083_0.5_5.0,playing_cello,train
-6GQmaIFTOM_000030_000040_0.0_3.5,playing_trombone,train
-BUtBQDWd-o_000194_000204_4.5_8.5,playing_trombone,train
-CxXxHczP_c_000010_000020_0.0_10.0,playing_trombone,train
0XxvRJ8sOmM_000022_000032_0.0_3.0,playing_trombone,train
3br-2HB2rh0_000230_000240_6.0_10.0,playing_trombone,train
3gaT_BhYSIY_000070_000080_0.0_10.0,playing_trombone,train
5SW5_gs-h5g_000060_000070_0.0_3.5,playing_trombone,train
627AYcRYuq4_000128_000138_0.0_4.5,playing_trombone,train
6rhJ9DfFBJs_000070_000080_0.0_3.0,playing_trombone,train
7eEF0na67Wc_000169_000179_0.0_5.0,playing_trombone,train
8ne9IEoqjQ4_000321_000331_0.0_3.5,playing_trombone,train
94UNexEJ5lU_000070_000080_0.5_10.0,playing_trombone,train
9bWt8O_IEX4_000130_000140_6.0_9.0,playing_trombone,train
AHE-a1k3mxE_000140_000150_5.0_8.0,playing_trombone,train
B6JUyoaxa4k_000215_000225_0.5_5.0,playing_trombone,train
BJdtH2BfTe4_000030_000040_0.5_6.0,playing_trombone,train
BddoetSqtqU_000012_000022_0.0_10.0,playing_trombone,train
Cd6ao8qvL60_000003_000013_0.0_4.5,playing_trombone,train
DVhg-1vh33A_000024_000034_3.0_8.5,playing_trombone,train
Dx6vFxsOdpU_000069_000079_0.0_7.0,playing_trombone,train
EU77OQhy3V4_000019_000029_0.0_3.0,playing_trombone,train
EaPmysTfVFI_000089_000099_2.0_9.5,playing_trombone,train
EqRLucGfvYA_000190_000200_0.5_10.0,playing_trombone,train
FV7J7_JdYqs_000034_000044_0.0_10.0,playing_trombone,train
FV7J7_JdYqs_000045_000055_0.5_10.0,playing_trombone,train
GH7N7v_m9FM_000030_000040_4.5_10.0,playing_trombone,train
HIQ63_WoKwg_000030_000040_7.0_10.0,playing_trombone,train
HRe6-Vgsj6Y_000225_000235_4.5_8.5,playing_trombone,train
Jf_1BlsFO5s_000000_000010_0.0_7.0,playing_trombone,train
Ju_gj249-iY_000191_000201_1.5_10.0,playing_trombone,train
K2ZnZzHhi44_000324_000334_0.5_10.0,playing_trombone,train
L_ucgLAe-TA_000436_000446_0.5_3.0,playing_trombone,train
LuO4GUJEPv8_000018_000028_0.0_7.5,playing_trombone,train
MbaGR3A9QFI_000041_000051_0.5_8.0,playing_trombone,train
NRWlHRvaDcQ_000623_000633_0.0_8.5,playing_trombone,train
NupVmxoofis_000180_000190_6.0_10.0,playing_trombone,train
Qra01VkBoro_000320_000330_1.5_4.5,playing_trombone,train
SbcQ7DMdVSY_000060_000070_0.0_10.0,playing_trombone,train
TOjkzdLprPY_000209_000219_0.0_7.5,playing_trombone,train
U64aZ1NDXX4_000000_000010_1.0_4.0,playing_trombone,train
V_PAO7aiHpw_000040_000050_0.5_4.5,playing_trombone,train
V_PAO7aiHpw_000040_000050_6.5_10.0,playing_trombone,train
W9i_ClLj4F8_000008_000018_0.0_10.0,playing_trombone,train
WQdA2vJCiGQ_000017_000027_0.0_10.0,playing_trombone,train
XYwcQhvLubY_000026_000036_1.5_9.0,playing_trombone,train
XYwcQhvLubY_000040_000050_1.0_10.0,playing_trombone,train
Y4s1ZsiFuhQ_000090_000100_1.5_5.0,playing_trombone,train
ZA938akpwQE_000178_000188_0.0_10.0,playing_trombone,train
_24ZCVoC2cY_000120_000130_1.0_7.0,playing_trombone,train
bmNjHkoEmLQ_000000_000010_2.5_9.5,playing_trombone,train
bmNjHkoEmLQ_000001_000011_0.0_8.5,playing_trombone,train
cAesoXoib1M_000030_000040_0.0_6.5,playing_trombone,train
cTuT3fVP6G8_000060_000070_0.0_10.0,playing_trombone,train
cTuT3fVP6G8_000071_000081_0.0_9.0,playing_trombone,train
clIG_BJW2o8_000030_000040_0.0_3.5,playing_trombone,train
dbGDAXd6nV8_000060_000070_0.0_3.0,playing_trombone,train
du_EYG4422E_000008_000018_0.0_10.0,playing_trombone,train
g9_h4EwltJc_000138_000148_0.0_8.0,playing_trombone,train
gqXYzEaLryQ_000070_000080_0.0_5.0,playing_trombone,train
h-tymXHl5PE_000011_000021_0.0_10.0,playing_trombone,train
h0CCPYOWv1Y_000000_000010_0.0_9.5,playing_trombone,train
h0CCPYOWv1Y_000039_000049_1.0_7.0,playing_trombone,train
huf8M4H0Kn4_000016_000026_0.0_10.0,playing_trombone,train
i03HKYPv-lg_000169_000179_1.0_5.0,playing_trombone,train
i03HKYPv-lg_000169_000179_6.0_9.0,playing_trombone,train
iG6VZnA4740_000100_000110_1.5_8.5,playing_trombone,train
iHGQEs_HCyU_000028_000038_0.0_3.5,playing_trombone,train
ihPPA36u1rU_000037_000047_0.0_4.5,playing_trombone,train
jR9cNCNzLlk_000026_000036_4.0_10.0,playing_trombone,train
jR9cNCNzLlk_000044_000054_1.0_8.5,playing_trombone,train
jpSY5EicwdE_000157_000167_0.0_10.0,playing_trombone,train
kxyFBPjbT3o_000099_000109_1.5_9.0,playing_trombone,train
mHvp-Hx6uJU_000000_000010_4.0_7.0,playing_trombone,train
nMOlAg-Kjf8_000017_000027_0.0_9.0,playing_trombone,train
noA2J5tXBS8_000090_000100_1.5_5.5,playing_trombone,train
qChtz-3LhT0_000194_000204_0.0_10.0,playing_trombone,train
qChtz-3LhT0_000381_000391_0.5_7.0,playing_trombone,train
rFgrOflwKPg_000290_000300_7.0_10.0,playing_trombone,train
rrWsWt-rDrQ_000100_000110_0.0_5.5,playing_trombone,train
s7GIyv4xSAI_000014_000024_0.0_10.0,playing_trombone,train
tWMo1IyoNMA_000100_000110_0.0_10.0,playing_trombone,train
tvrDxebakus_000150_000160_2.5_10.0,playing_trombone,train
uPCkHe7y6T4_000060_000070_0.0_10.0,playing_trombone,train
ucW5TSNcvzo_000232_000242_1.0_10.0,playing_trombone,train
uxZ-S4brnRs_000047_000057_0.0_9.0,playing_trombone,train
w1IW9bA-G68_000030_000040_1.0_5.0,playing_trombone,train
wi6IUu57w2E_000030_000040_0.5_8.5,playing_trombone,train
z4xng2gX3y8_000000_000010_0.5_10.0,playing_trombone,train
zF96Fvq3k9U_000150_000160_0.5_7.5,playing_trombone,train
zjiBh4A4K4E_000135_000145_3.5_6.5,playing_trombone,train
01vFr9LE3Vo_000518_000528_2.0_6.5,playing_trumpet,train
02pOiVybghw_000030_000040_1.0_6.5,playing_trumpet,train
0ZaEl_2DKR8_000010_000020_2.0_8.0,playing_trumpet,train
0iSY-w0-haA_000220_000230_0.5_4.0,playing_trumpet,train
1DKds_ZQnzM_000190_000200_4.0_7.0,playing_trumpet,train
1NW3dUhTAoI_000018_000028_0.0_10.0,playing_trumpet,train
2FfmlSJA1Vk_000010_000020_3.5_8.0,playing_trumpet,train
2ZgDseZJJ5M_000030_000040_4.5_7.5,playing_trumpet,train
2bGx-xBewt8_000035_000045_2.5_6.0,playing_trumpet,train
33_YqohDPpE_000250_000260_7.0_10.0,playing_trumpet,train
3sC1_hSF2bw_000042_000052_3.0_7.5,playing_trumpet,train
3sC1_hSF2bw_000110_000120_1.5_6.0,playing_trumpet,train
4sfsHozMcEo_000165_000175_4.0_9.5,playing_trumpet,train
5kXRSxMRZGw_000043_000053_1.5_6.5,playing_trumpet,train
5ogQ88sOAkA_000089_000099_4.0_7.0,playing_trumpet,train
5ogQ88sOAkA_000108_000118_0.5_3.5,playing_trumpet,train
5pIje_zRg5c_000090_000100_2.5_7.0,playing_trumpet,train
6VExUsXQWDE_000075_000085_0.0_3.5,playing_trumpet,train
6VExUsXQWDE_000075_000085_1.5_4.5,playing_trumpet,train
78D2LLM46Uw_000030_000040_3.0_9.0,playing_trumpet,train
7UMvXLA4iiQ_000030_000040_6.5_9.5,playing_trumpet,train
7ecNoAOaOfs_000127_000137_6.5_10.0,playing_trumpet,train
7ecNoAOaOfs_000169_000179_1.0_5.0,playing_trumpet,train
8YaDsXWhDTA_000496_000506_1.0_6.0,playing_trumpet,train
9jVX4RuJ774_000390_000400_2.5_6.5,playing_trumpet,train
A24InXJHgOk_000028_000038_0.0_9.0,playing_trumpet,train
Adk8Rw2EznA_000030_000040_7.0_10.0,playing_trumpet,train
BBgW_3zDdto_000030_000040_0.0_3.0,playing_trumpet,train
BBgW_3zDdto_000030_000040_2.0_5.0,playing_trumpet,train
BVPplYVpLAE_000448_000458_4.5_7.5,playing_trumpet,train
CZvOHDZEBnM_000088_000098_0.0_3.5,playing_trumpet,train
DkJIuTcJaNo_000202_000212_5.5_8.5,playing_trumpet,train
FJ_DJc7-Sms_000030_000040_6.5_9.5,playing_trumpet,train
FSAGhEQ3uFk_000003_000013_1.0_4.5,playing_trumpet,train
FemvwHjqT0E_000030_000040_0.0_4.0,playing_trumpet,train
GAPamRQg0FE_000170_000180_0.0_7.5,playing_trumpet,train
GAPamRQg0FE_000194_000204_5.0_8.0,playing_trumpet,train
GAPamRQg0FE_000194_000204_6.0_9.0,playing_trumpet,train
I4JKaLOIEGs_000030_000040_3.0_6.0,playing_trumpet,train
Jg6SD0glsOY_000100_000110_1.5_7.5,playing_trumpet,train
Jqwl7uvN65w_000150_000160_4.0_9.5,playing_trumpet,train
Jqwl7uvN65w_000259_000269_0.0_4.0,playing_trumpet,train
Kh3n4kV2l2I_000030_000040_0.5_3.5,playing_trumpet,train
KhF-gUyewVY_000100_000110_7.0_10.0,playing_trumpet,train
KhF-gUyewVY_000159_000169_0.0_3.5,playing_trumpet,train
LxMz0jCETIk_000030_000040_2.5_5.5,playing_trumpet,train
PFJdUid8GYk_000074_000084_0.0_3.0,playing_trumpet,train
PFJdUid8GYk_000196_000206_0.0_8.5,playing_trumpet,train
Prw5a9KZr_Q_000014_000024_1.0_4.5,playing_trumpet,train
RmlRtk4xbE8_000443_000453_0.5_8.0,playing_trumpet,train
Slo7_JgmNnE_000132_000142_5.5_9.0,playing_trumpet,train
TIKsda31Sqs_000175_000185_7.0_10.0,playing_trumpet,train
UYVacmlzNtU_000030_000040_6.5_9.5,playing_trumpet,train
V0jHXDcocm8_000030_000040_1.5_4.5,playing_trumpet,train
V66qyPGEE9A_000090_000100_4.5_8.5,playing_trumpet,train
VnKBb809id4_000174_000184_1.5_4.5,playing_trumpet,train
VnKBb809id4_000174_000184_6.5_10.0,playing_trumpet,train
WCmT-E21BKs_000003_000013_2.5_6.0,playing_trumpet,train
WRVTR_kFfGI_000032_000042_3.0_7.5,playing_trumpet,train
_7JkLUZ20jA_000030_000040_2.0_6.5,playing_trumpet,train
_ZC6yk5iE1I_000026_000036_0.5_5.0,playing_trumpet,train
_ZC6yk5iE1I_000026_000036_3.0_9.0,playing_trumpet,train
_ZC6yk5iE1I_000026_000036_7.0_10.0,playing_trumpet,train
_qw_BNJSc0w_000090_000100_3.0_6.5,playing_trumpet,train
dGuAq-B_O9c_000030_000040_4.0_9.5,playing_trumpet,train
gQ9CRQFXF7k_000046_000056_0.0_3.0,playing_trumpet,train
g_qU4ljHrx8_000041_000051_0.0_4.0,playing_trumpet,train
hOuz8kTTCj0_000190_000200_0.0_3.0,playing_trumpet,train
hgHFHvhfcT8_000060_000070_1.5_6.0,playing_trumpet,train
iwzYX5Jo5No_000061_000071_2.0_7.5,playing_trumpet,train
j2fSnxTqXXQ_000085_000095_2.0_7.0,playing_trumpet,train
jZe1VCQYpIs_000015_000025_2.5_5.5,playing_trumpet,train
lqjE8aYSAy4_000038_000048_2.0_6.0,playing_trumpet,train
mO8ZongSYLA_000003_000013_1.0_4.5,playing_trumpet,train
p1h4Yjaoohw_000032_000042_6.0_9.5,playing_trumpet,train
pG7eSZDHtfg_000030_000040_4.5_7.5,playing_trumpet,train
prdSpY9pHZU_000064_000074_2.5_7.0,playing_trumpet,train
qZzbeN7SbUU_000030_000040_4.5_8.0,playing_trumpet,train
rbKwpN11dcU_000283_000293_0.5_4.0,playing_trumpet,train
sWBKO3iPVx0_000030_000040_3.5_7.0,playing_trumpet,train
sYBgY4m99P4_000010_000020_0.0_6.0,playing_trumpet,train
tXV_3QVK1I0_000004_000014_4.5_8.5,playing_trumpet,train
v8EpWTZzewc_000210_000220_3.5_9.5,playing_trumpet,train
vgX33FwGfnQ_000030_000040_4.5_9.0,playing_trumpet,train
vj3lO7pLOIs_000030_000040_0.0_3.5,playing_trumpet,train
vj3lO7pLOIs_000030_000040_1.5_5.5,playing_trumpet,train
w-8LegbYpZ0_000080_000090_4.0_9.0,playing_trumpet,train
w-8LegbYpZ0_000080_000090_7.0_10.0,playing_trumpet,train
yYfB6GfjIwk_000030_000040_0.0_7.5,playing_trumpet,train
ymdpE68f1mw_000073_000083_5.5_8.5,playing_trumpet,train
-BpMHfa2Saw_000030_000040_0.0_8.0,playing_violin__fiddle,train
-NCD5jfkapA_000030_000040_1.0_5.5,playing_violin__fiddle,train
0MuM1Nch4xY_000030_000040_1.0_7.0,playing_violin__fiddle,train
0n0zuw8zuW4_000030_000040_5.0_7.5,playing_violin__fiddle,train
0wIFDj6C1BI_000030_000040_1.0_4.5,playing_violin__fiddle,train
10RkjPIguAY_000030_000040_4.5_7.5,playing_violin__fiddle,train
16DCCYYdgmg_000030_000040_0.0_10.0,playing_violin__fiddle,train
17ivLGFukBc_000030_000040_0.0_9.5,playing_violin__fiddle,train
1FZ1jJHyI7k_000030_000040_4.5_7.5,playing_violin__fiddle,train
26Ti4i2BNdM_000030_000040_1.0_8.0,playing_violin__fiddle,train
2DTCSeX3aUY_000030_000040_2.5_6.0,playing_violin__fiddle,train
2Uv7fWDjWB0_000030_000040_0.0_10.0,playing_violin__fiddle,train
3E6mwYkb_MQ_000030_000040_1.5_6.0,playing_violin__fiddle,train
3G_gh1HuDZI_000030_000040_1.5_4.5,playing_violin__fiddle,train
3Kjbw5B4Bws_000030_000040_1.0_4.0,playing_violin__fiddle,train
4Pod-Q6F86Y_000030_000040_0.0_3.0,playing_violin__fiddle,train
4f4T1k-WsEk_000030_000040_0.0_10.0,playing_violin__fiddle,train
4ipWKLhd39o_000030_000040_6.0_9.0,playing_violin__fiddle,train
5-teLbuojYY_000030_000040_0.0_5.5,playing_violin__fiddle,train
5F3K1zjINMo_000030_000040_0.0_4.5,playing_violin__fiddle,train
5QbjG8653B0_000030_000040_0.5_10.0,playing_violin__fiddle,train
5uoAzMT4ZxQ_000030_000040_0.0_3.0,playing_violin__fiddle,train
63udpxlsx5I_000030_000040_3.5_6.5,playing_violin__fiddle,train
6X1OkFLlPO4_000030_000040_4.0_7.0,playing_violin__fiddle,train
8uzcz9as3Ow_000030_000040_0.0_10.0,playing_violin__fiddle,train
9-_m04dlwsM_000030_000040_0.5_3.0,playing_violin__fiddle,train
972YYivcGF0_000030_000040_4.5_7.5,playing_violin__fiddle,train
9iX2zII5UVw_000030_000040_2.0_5.0,playing_violin__fiddle,train
AF3kUFbe998_000030_000040_0.0_3.0,playing_violin__fiddle,train
AYiactWYCrc_000030_000040_0.5_10.0,playing_violin__fiddle,train
Ahk81WMlhSs_000030_000040_0.0_10.0,playing_violin__fiddle,train
C7OFEkOdODo_000030_000040_0.5_10.0,playing_violin__fiddle,train
CS6gtfNSJ1E_000030_000040_0.5_9.0,playing_violin__fiddle,train
DBn0Ggw6ATs_000050_000060_0.0_4.0,playing_violin__fiddle,train
DCK554zzEQ0_000030_000040_3.5_8.0,playing_violin__fiddle,train
DJrbJW3TG9k_000030_000040_0.0_3.0,playing_violin__fiddle,train
Di1F8GUvEtg_000030_000040_1.0_8.5,playing_violin__fiddle,train
E-G6U1bpxME_000030_000040_0.0_9.5,playing_violin__fiddle,train
EEP5HPxGivo_000030_000040_1.5_10.0,playing_violin__fiddle,train
EFKRvfkyyxE_000030_000040_1.0_7.5,playing_violin__fiddle,train
F0y4iL0gnpI_000021_000031_0.0_9.0,playing_violin__fiddle,train
FIpCyWCy9Qc_000030_000040_0.0_9.5,playing_violin__fiddle,train
Ffvr7pHqzUQ_000030_000040_1.0_9.0,playing_violin__fiddle,train
G-KeLQQ-84k_000030_000040_5.5_9.5,playing_violin__fiddle,train
IOgX_sYAeOM_000030_000040_4.5_10.0,playing_violin__fiddle,train
IW-ELVOdAjY_000030_000040_0.5_10.0,playing_violin__fiddle,train
JBf4YmzFvuI_000030_000040_4.0_8.0,playing_violin__fiddle,train
JPHLbRPXChk_000030_000040_3.0_5.1,playing_violin__fiddle,train
JeIY0Quv0ig_000030_000040_7.4_9.5,playing_violin__fiddle,train
Jfsj9ZqDle0_000030_000040_1.0_9.5,playing_violin__fiddle,train
LPaRBMnW6MI_000030_000040_2.5_10.0,playing_violin__fiddle,train
Lzfve0wQpAI_000030_000040_0.0_3.0,playing_violin__fiddle,train
M0k0SZ3xXvw_000030_000040_3.0_7.5,playing_violin__fiddle,train
MkJVNXKVqp4_000030_000040_0.0_6.5,playing_violin__fiddle,train
Mu42VRD1z2o_000030_000040_1.0_8.5,playing_violin__fiddle,train
Mzrlxd5MWn0_000030_000040_0.5_7.0,playing_violin__fiddle,train
NZGu-Ci7XLc_000290_000300_4.0_7.0,playing_violin__fiddle,train
OEi1wfDkUps_000030_000040_1.5_10.0,playing_violin__fiddle,train
ObRt7G0CEbY_000100_000110_6.5_10.0,playing_violin__fiddle,train
P-Rdpdcoops_000030_000040_3.0_7.0,playing_violin__fiddle,train
PATC-vjHpjY_000030_000040_0.0_6.0,playing_violin__fiddle,train
PaZ4aVEsPsE_000019_000029_1.5_8.5,playing_violin__fiddle,train
QN1uy0xvTQE_000030_000040_3.0_8.5,playing_violin__fiddle,train
QNMEqBmP-QA_000030_000040_0.0_10.0,playing_violin__fiddle,train
QQmDfHX_nvY_000022_000032_0.0_4.5,playing_violin__fiddle,train
QhbMdt7tBXc_000030_000040_3.0_6.0,playing_violin__fiddle,train
RMnNSgRaoo0_000030_000040_1.0_10.0,playing_violin__fiddle,train
SNBh5fJRP-k_000030_000040_5.5_10.0,playing_violin__fiddle,train
SlUk2uT-zm4_000030_000040_2.0_5.0,playing_violin__fiddle,train
To65UOxcp1I_000028_000038_2.0_6.5,playing_violin__fiddle,train
VMDD0ZErfMM_000030_000040_3.0_9.0,playing_violin__fiddle,train
WDPAflgmswI_000030_000040_6.5_9.5,playing_violin__fiddle,train
YROOI2kKvGw_000260_000270_0.5_3.5,playing_violin__fiddle,train
ZINFbbyA_-M_000020_000030_0.0_3.0,playing_violin__fiddle,train
_i4LB1MpHj4_000110_000120_2.0_6.0,playing_violin__fiddle,train
bJtu55jpzNc_000140_000150_2.0_10.0,playing_violin__fiddle,train
bPQTRWZiLxA_000030_000040_1.0_9.5,playing_violin__fiddle,train
b_R_INLM6a4_000030_000040_2.5_7.5,playing_violin__fiddle,train
buJFQyD2LeA_000030_000040_0.5_9.0,playing_violin__fiddle,train
c8-8HN6LPN4_000030_000040_5.5_10.0,playing_violin__fiddle,train
e_9Z9r1Rrzc_000030_000040_0.0_10.0,playing_violin__fiddle,train
hJ7cZigUq84_000030_000040_0.0_4.5,playing_violin__fiddle,train
jGeD8cgdqN4_000030_000040_4.0_6.5,playing_violin__fiddle,train
jQJFuE74OYo_000030_000040_5.5_10.0,playing_violin__fiddle,train
kpzzQWZ_K3s_000030_000040_4.0_7.0,playing_violin__fiddle,train
nkzaHK8zfpM_000030_000040_0.5_6.5,playing_violin__fiddle,train
noyRt75VF74_000030_000040_2.5_7.5,playing_violin__fiddle,train
r47N9mdOeXc_000030_000040_1.5_8.0,playing_violin__fiddle,train
snSl73J_PJk_000110_000120_0.0_3.0,playing_violin__fiddle,train
vmyDvXhBuYE_000230_000240_3.0_9.5,playing_violin__fiddle,train
-eeHCs9RqiU_000025_000035_0.0_2.25,sharpen_knife,train
29ZWMYIEq3g_000141_000151_1.0_4.0,sharpen_knife,train
2S3iohOt7oA_000408_000418_0.0_6.0,sharpen_knife,train
2WnPwsQ1Ku4_000006_000016_4.5_8.0,sharpen_knife,train
2zJiY9Mqhtc_000113_000123_3.0_5.5,sharpen_knife,train
3R4moG8zEWk_000274_000284_3.0_6.0,sharpen_knife,train
3U4OtgrDUPg_000076_000086_6.5_10.0,sharpen_knife,train
4sXNMK-A6KY_000073_000083_7.0_10.0,sharpen_knife,train
5Y_8wiKVwK0_000356_000366_4.0_7.0,sharpen_knife,train
7abCVUupZ4U_000097_000107_5.0_8.0,sharpen_knife,train
7lVMcFjoOL4_000096_000106_6.0_9.0,sharpen_knife,train
8Y_YV17nmRg_000330_000340_2.0_10.0,sharpen_knife,train
9EoERiRVt20_000163_000173_3.5_5.6,sharpen_knife,train
A-8pkI7qcLo_000092_000102_3.0_6.0,sharpen_knife,train
AGOtAd4xBhk_000154_000164_2.0_4.1,sharpen_knife,train
AacxoIwQPMs_000066_000076_0.0_6.0,sharpen_knife,train
AcYnwtT1rzA_000057_000067_0.0_6.0,sharpen_knife,train
DcLppK5MTZY_000402_000412_5.8_8.0,sharpen_knife,train
De3WuHy9jEQ_000165_000175_0.5_3.0,sharpen_knife,train
DeDWX5iVhr0_000031_000041_6.0_9.5,sharpen_knife,train
DqqNskxq6MY_000111_000121_7.0_10.0,sharpen_knife,train
ERxlveTpCnw_000137_000147_0.0_3.0,sharpen_knife,train
Enta6MkaWF8_000339_000349_1.0_4.0,sharpen_knife,train
F3rn7mVPQPo_000308_000318_2.0_8.0,sharpen_knife,train
F3rn7mVPQPo_000364_000374_3.5_6.0,sharpen_knife,train
GF0TW9afvTU_000344_000354_0.0_3.0,sharpen_knife,train
HhnDdPU7KZE_000117_000127_3.0_8.0,sharpen_knife,train
HhnDdPU7KZE_000117_000127_6.5_9.5,sharpen_knife,train
IvPbQdbsQUI_000331_000341_1.5_4.5,sharpen_knife,train
KOIbWuGgTl4_000168_000178_7.0_9.1,sharpen_knife,train
KsDnCbk_5x4_000041_000051_5.5_10.0,sharpen_knife,train
KsDnCbk_5x4_000159_000169_0.0_4.0,sharpen_knife,train
KxnOBDMruGw_000092_000102_3.0_6.0,sharpen_knife,train
KxnOBDMruGw_000092_000102_5.5_9.0,sharpen_knife,train
KxnOBDMruGw_000110_000120_2.0_5.5,sharpen_knife,train
LDMobRKsq2w_000126_000136_2.5_5.5,sharpen_knife,train
LEpzp8DnWyY_000140_000150_4.5_7.5,sharpen_knife,train
LpaMZAVe9Cg_000116_000126_1.0_5.0,sharpen_knife,train
NRdOyEAoZng_000341_000351_2.0_7.0,sharpen_knife,train
NVtbCkBWI8o_000157_000167_3.0_5.5,sharpen_knife,train
NqLyRSDvVE0_000284_000294_0.5_4.5,sharpen_knife,train
PXMYoOp4IZw_000105_000115_1.5_4.5,sharpen_knife,train
Q_5zCyGxMUA_000034_000044_3.5_6.0,sharpen_knife,train
Q_5zCyGxMUA_000187_000197_3.0_6.0,sharpen_knife,train
QuFBR2CYeyA_000149_000159_0.8_3.0,sharpen_knife,train
QuFBR2CYeyA_000469_000479_5.0_8.0,sharpen_knife,train
SKeSRDMRpY0_000254_000264_3.8_6.0,sharpen_knife,train
SNndVYIMO-s_000158_000168_1.0_3.1,sharpen_knife,train
T0FNLDWBlSU_000081_000091_4.0_6.5,sharpen_knife,train
UF-OOicTbX4_000078_000088_5.5_8.5,sharpen_knife,train
UP-22ZNzDb8_000202_000212_2.5_5.5,sharpen_knife,train
VDRFEN6GQTU_000106_000116_4.5_8.0,sharpen_knife,train
VqfA5hSsPHE_000090_000100_0.0_9.5,sharpen_knife,train
VvHMFIeImLw_000147_000157_1.0_3.1,sharpen_knife,train
WqkMuGoUhas_000417_000427_6.4_8.5,sharpen_knife,train
XTu2tDISgnA_000046_000056_4.5_7.5,sharpen_knife,train
Y9pGt8ax3PA_000010_000020_4.0_7.5,sharpen_knife,train
Yeo8mSgMuvw_000352_000362_0.0_3.5,sharpen_knife,train
YoAWkEJ6pFw_000213_000223_7.0_10.0,sharpen_knife,train
Z2rXOJuTXOE_000073_000083_3.5_8.0,sharpen_knife,train
bC1qDfkRyEs_000087_000097_1.5_4.5,sharpen_knife,train
b_abDWAF8CU_000111_000121_0.0_3.0,sharpen_knife,train
d6X5YC3WhNo_000072_000082_3.5_6.0,sharpen_knife,train
d6X5YC3WhNo_000072_000082_7.0_9.5,sharpen_knife,train
eVgrRexV12g_000237_000247_2.5_5.0,sharpen_knife,train
fFqYSzW0xvw_000117_000127_2.5_6.5,sharpen_knife,train
gnkCCLn5FFw_000020_000030_7.0_10.0,sharpen_knife,train
hEUBTD8I9jk_000056_000066_0.0_6.0,sharpen_knife,train
iWBJxme1d8A_000042_000052_7.0_10.0,sharpen_knife,train
itAx5zRDf9g_000054_000064_2.5_6.5,sharpen_knife,train
jPa8ADhmpbk_000043_000053_2.5_5.0,sharpen_knife,train
kH_Dx698psc_000036_000046_0.0_5.0,sharpen_knife,train
kHbytTGsXp4_000248_000258_5.5_8.5,sharpen_knife,train
kPaSSOE3-Uo_000249_000259_5.0_8.5,sharpen_knife,train
lbfKb22qG60_000308_000318_6.5_9.5,sharpen_knife,train
mCS9mmTFZo0_000090_000100_4.0_6.1,sharpen_knife,train
nyI8y7WOepA_000070_000080_7.0_9.5,sharpen_knife,train
nyI8y7WOepA_000083_000093_0.0_3.5,sharpen_knife,train
o0Cg2ZqzOFE_000146_000156_0.0_4.0,sharpen_knife,train
ots1yld6DUA_000009_000019_1.0_4.0,sharpen_knife,train
ots1yld6DUA_000019_000029_2.5_5.5,sharpen_knife,train
pq8Qcgiz2es_000119_000129_4.0_7.0,sharpen_knife,train
pq8Qcgiz2es_000516_000526_0.0_3.0,sharpen_knife,train
rEYy1mry2VE_000061_000071_3.0_6.0,sharpen_knife,train
rEYy1mry2VE_000061_000071_7.0_9.1,sharpen_knife,train
s2oC2fJOytc_000074_000084_3.5_6.5,sharpen_knife,train
s2oC2fJOytc_000168_000178_1.5_4.0,sharpen_knife,train
tq3Hlgw2ZB0_000180_000190_1.0_3.1,sharpen_knife,train
xoE7HGSfT-0_000412_000422_4.5_7.5,sharpen_knife,train
y7dQgXUvR0c_000155_000165_5.5_8.0,sharpen_knife,train
-3Q5K1PO7ag_000080_000090_0.0_3.0,striking_bowling,train
-hb5BJ9xxBQ_000062_000072_1.0_5.5,striking_bowling,train
-mMT5qn4yiI_000302_000312_1.0_4.0,striking_bowling,train
0YD0eCg1cXc_000000_000010_4.5_8.0,striking_bowling,train
1MBnwefvWRI_000019_000029_0.0_4.0,striking_bowling,train
2WJ5SDQVTmw_000004_000014_7.0_10.0,striking_bowling,train
2gWhL4gNvm4_000139_000149_5.0_9.5,striking_bowling,train
3m_ijwtjBV8_000041_000051_4.5_8.5,striking_bowling,train
6ixbjAeCj1A_000056_000066_0.0_3.0,striking_bowling,train
7wkEs6ZntW4_000034_000044_0.0_3.5,striking_bowling,train
9HAwJizt8KY_000068_000078_6.5_10.0,striking_bowling,train
A4_GBDnZKwo_000212_000222_0.0_3.0,striking_bowling,train
AiKYxZSTvrE_000030_000040_0.0_3.0,striking_bowling,train
AiKYxZSTvrE_000030_000040_3.0_6.0,striking_bowling,train
BH_ngeh2_dI_000182_000192_1.5_4.5,striking_bowling,train
C7vXquUH5YE_000047_000057_4.5_9.0,striking_bowling,train
C7vXquUH5YE_000157_000167_2.0_5.5,striking_bowling,train
CJihJAXgqTY_000099_000109_0.5_3.5,striking_bowling,train
CKaZXYzkroE_000315_000325_6.5_10.0,striking_bowling,train
CKihLMuCGHM_000091_000101_0.0_3.0,striking_bowling,train
Cohzeeft2ek_000340_000350_0.5_3.5,striking_bowling,train
D3UAF0gje7Q_000109_000119_1.0_4.0,striking_bowling,train
D3UAF0gje7Q_000119_000129_0.5_4.0,striking_bowling,train
F2eQfy5SN3A_000225_000235_0.0_3.0,striking_bowling,train
FWxMWNFsdqk_000228_000238_1.5_5.0,striking_bowling,train
Finl-o3QHWI_000015_000025_6.0_9.0,striking_bowling,train
GaDkBaCls8A_000083_000093_1.5_4.5,striking_bowling,train
H7vxysxaJ7U_000411_000421_2.0_6.0,striking_bowling,train
H89ccT4SmFc_000000_000010_0.5_4.0,striking_bowling,train
HdoWq76rxDw_000162_000172_0.0_4.0,striking_bowling,train
HprEd7CUowg_000002_000012_1.5_5.0,striking_bowling,train
IQwHmJN-5Yg_000133_000143_1.5_5.5,striking_bowling,train
IUCWs3HjsgI_000799_000809_0.0_3.0,striking_bowling,train
IsuhuBVJg4A_000129_000139_0.0_3.5,striking_bowling,train
ItDPycjEE5s_000036_000046_2.5_6.0,striking_bowling,train
ItDPycjEE5s_000036_000046_4.0_7.0,striking_bowling,train
Jp_RgVOO3xU_000170_000180_5.0_9.0,striking_bowling,train
K95Trz6yEYA_000567_000577_1.5_4.5,striking_bowling,train
LMrVjK1otdM_000131_000141_2.0_6.0,striking_bowling,train
MRD0ocDtv3w_000182_000192_6.5_10.0,striking_bowling,train
MTi0XWcAnNM_000007_000017_5.0_9.0,striking_bowling,train
McrtE1HOmpo_000230_000240_4.0_7.5,striking_bowling,train
OHaIImLkMrg_000218_000228_1.5_5.5,striking_bowling,train
PsNdGNLI5Hs_000129_000139_1.5_5.0,striking_bowling,train
Q-DfcYxBc9c_000157_000167_4.5_8.0,striking_bowling,train
UgQQQsUJdEM_000395_000405_1.0_4.0,striking_bowling,train
WaL8gXh99oA_000235_000245_2.0_5.0,striking_bowling,train
Wf9k6IyGVfc_000005_000015_3.5_7.0,striking_bowling,train
Wn6fiWygi7I_000118_000128_7.0_10.0,striking_bowling,train
Xxcmilr533A_000197_000207_5.5_8.5,striking_bowling,train
ZXfy6ASZKQU_000262_000272_5.5_9.5,striking_bowling,train
ZzuFHJpu7eM_000443_000453_1.0_5.0,striking_bowling,train
_VeXC01A-fY_000303_000313_0.5_3.5,striking_bowling,train
_e65m2a8--E_000331_000341_0.5_3.5,striking_bowling,train
a02EQgiGng4_000021_000031_0.0_4.5,striking_bowling,train
a02EQgiGng4_000039_000049_1.5_4.5,striking_bowling,train
alPl2XBo9NI_000068_000078_1.5_5.5,striking_bowling,train
ddgAGEWxtxA_000137_000147_3.5_8.5,striking_bowling,train
e5fApHXb3sQ_000163_000173_0.0_4.0,striking_bowling,train
eO4tCN4uAGw_000192_000202_0.0_3.5,striking_bowling,train
g82IFDEwOGU_000149_000159_1.5_4.5,striking_bowling,train
h6NMBTwaOss_000000_000010_3.5_6.5,striking_bowling,train
hMn-3pxXkp0_000066_000076_1.0_4.5,striking_bowling,train
j_vYvL6VH8g_000012_000022_0.5_4.0,striking_bowling,train
j_vYvL6VH8g_000012_000022_2.5_5.5,striking_bowling,train
jyqjN_ua8KA_000185_000195_3.5_6.5,striking_bowling,train
k2BZAg8AWWU_000171_000181_3.0_6.0,striking_bowling,train
l6fdu0r3rT0_000001_000011_2.0_5.0,striking_bowling,train
lVkkV34YZBE_000275_000285_2.0_5.0,striking_bowling,train
lof1YRvyREM_000269_000279_5.5_9.0,striking_bowling,train
m4L7tB0wf8s_000126_000136_0.5_3.5,striking_bowling,train
mChhpAJCo98_000243_000253_0.0_3.5,striking_bowling,train
muEJOWzBod8_000021_000031_1.0_4.0,striking_bowling,train
nMXQuXm6qPE_000086_000096_3.0_7.0,striking_bowling,train
nsgcHvB9WA4_000003_000013_0.0_3.0,striking_bowling,train
o6wOgxHs6Lo_000052_000062_0.0_4.0,striking_bowling,train
oIaNEBreHTI_000047_000057_1.5_5.0,striking_bowling,train
p0Y5-_l4D-s_000018_000028_0.0_3.0,striking_bowling,train
pK92ULXMrfE_000007_000017_0.0_3.0,striking_bowling,train
q3lKnphtXZs_000174_000184_1.0_4.0,striking_bowling,train
tDX6xz16gLg_000118_000128_5.0_9.0,striking_bowling,train
tLU0E9iFu28_000043_000053_0.0_3.0,striking_bowling,train
tLU0E9iFu28_000043_000053_1.5_5.0,striking_bowling,train
tpMkAZeyYeU_000090_000100_4.5_7.5,striking_bowling,train
u9PuiO-FyQs_000339_000349_2.0_6.0,striking_bowling,train
whv7_DqzFFw_000300_000310_7.0_10.0,striking_bowling,train
y7DyD_4zaq4_000234_000244_0.5_3.5,striking_bowling,train
yJBX0Wp-6B4_000374_000384_5.0_8.0,striking_bowling,train
yiOmNFP0cHQ_000009_000019_5.5_9.0,striking_bowling,train
z6QaKp2jXRI_000106_000116_4.0_7.0,striking_bowling,train
-8ju6V8B5Oc_000040_000050_5.0_8.0,toilet_flushing,train
-KrDQXnlXRw_000010_000020_5.5_8.5,toilet_flushing,train
0HWIjjmpVtY_000070_000080_6.0_9.0,toilet_flushing,train
0oDZtNnPtmw_000093_000103_1.0_4.0,toilet_flushing,train
1AfCMvhZJVY_000040_000050_3.0_6.5,toilet_flushing,train
23TtIAv0Y8k_000005_000015_4.5_7.5,toilet_flushing,train
26-HMlPhve4_000020_000030_2.0_5.0,toilet_flushing,train
2CJmpimozlY_000030_000040_3.0_6.0,toilet_flushing,train
2QETzhkbY6E_000017_000027_3.5_6.5,toilet_flushing,train
340EYwluUio_000050_000060_0.5_3.5,toilet_flushing,train
3NWTOn8uhy4_000030_000040_6.0_9.0,toilet_flushing,train
3mPPyrXA60o_000000_000010_4.0_7.0,toilet_flushing,train
53jtALXeS7U_000040_000050_2.0_5.0,toilet_flushing,train
5EcrQhp7We0_000040_000050_4.0_7.0,toilet_flushing,train
6MBc6UrEv5Y_000000_000010_4.5_7.5,toilet_flushing,train
7fRtJxP6dG0_000001_000011_3.5_6.5,toilet_flushing,train
7ih9QYtw9ko_000010_000020_4.5_8.0,toilet_flushing,train
8OTPu7DH0VI_000000_000010_4.0_7.0,toilet_flushing,train
9FG92B_xVXo_000040_000050_0.0_4.0,toilet_flushing,train
9InrWtkCJjw_000080_000090_1.0_4.5,toilet_flushing,train
9gRG7ZAukX4_000060_000070_0.0_3.0,toilet_flushing,train
AdT_D9X6sXw_000040_000050_1.0_4.0,toilet_flushing,train
Be8b5mAGM4w_000020_000030_0.0_3.5,toilet_flushing,train
CC4Nk0kQXhg_000000_000010_3.0_6.0,toilet_flushing,train
CeTEU-Ad-5s_000003_000013_3.0_8.0,toilet_flushing,train
ChQBX_ySnbM_000000_000010_1.0_4.0,toilet_flushing,train
CpKmvzqO8jU_000000_000010_1.0_4.0,toilet_flushing,train
CpKmvzqO8jU_000000_000010_4.0_7.0,toilet_flushing,train
Cs24AWKFF1c_000000_000010_1.5_5.0,toilet_flushing,train
CvN_oC0AGvM_000340_000350_1.0_4.0,toilet_flushing,train
DW2hvIp0mns_000060_000070_5.0_8.5,toilet_flushing,train
EN5AwM98F5A_000010_000020_1.0_5.0,toilet_flushing,train
E_dwrbgSKo8_000070_000080_6.0_9.0,toilet_flushing,train
Ev7627Vv_NA_000020_000030_3.0_7.0,toilet_flushing,train
Ewb29ij9HFU_000000_000010_0.5_4.5,toilet_flushing,train
FHnzqKaX93s_000060_000070_3.0_7.0,toilet_flushing,train
G6FxoIbhWUA_000030_000040_0.0_3.0,toilet_flushing,train
Hj6SLH_KCIs_000050_000060_4.5_7.5,toilet_flushing,train
KA0aPcQLEps_000027_000037_2.5_5.5,toilet_flushing,train
KIa0xMnogjQ_000080_000090_1.0_4.0,toilet_flushing,train
Ka9bA5Q03AY_000008_000018_3.0_6.5,toilet_flushing,train
M7Xdwghu5Dc_000010_000020_2.5_5.5,toilet_flushing,train
MSDd1LxNV-Q_000010_000020_3.0_6.0,toilet_flushing,train
O5l-FGTYm-I_000070_000080_0.5_3.5,toilet_flushing,train
O_iiHMbjS04_000030_000040_0.5_3.5,toilet_flushing,train
OtyPX8KjsPw_000040_000050_4.0_7.0,toilet_flushing,train
PrEnzJfmlHE_000875_000885_2.0_5.5,toilet_flushing,train
QFwyb-tbu6E_000090_000100_2.0_5.0,toilet_flushing,train
QfkbwASxFtU_000010_000020_1.5_4.5,toilet_flushing,train
RV9axi44Qms_000000_000010_2.5_6.0,toilet_flushing,train
RZh0WJEh-9w_000070_000080_4.5_7.5,toilet_flushing,train
RxP-p8Twx7k_000020_000030_4.5_7.5,toilet_flushing,train
S4K3be6Bhao_000020_000030_2.0_5.0,toilet_flushing,train
S5a0hCfl0fY_000060_000070_1.0_4.5,toilet_flushing,train
SNSrsP-J3NY_000070_000080_2.5_5.5,toilet_flushing,train
U4RRMpX2wCU_000010_000020_0.0_3.0,toilet_flushing,train
VU4fJ98V0y4_000030_000040_2.5_5.5,toilet_flushing,train
WNL7Dydv0bI_000020_000030_2.5_5.5,toilet_flushing,train
XfghHEgntWU_000010_000020_0.0_3.0,toilet_flushing,train
Y3wPVm9T6K8_000030_000040_0.0_3.0,toilet_flushing,train
YIqpIjjee00_000030_000040_3.0_6.5,toilet_flushing,train
Ydj96K_cdFE_000000_000010_0.0_4.0,toilet_flushing,train
Z1ce4xpvtEo_000010_000020_4.5_7.5,toilet_flushing,train
ZRqorZIca7I_000001_000011_0.5_3.5,toilet_flushing,train
Z_9HH5leLp0_000090_000100_3.0_6.0,toilet_flushing,train
a6z9eUhrr2U_000040_000050_0.5_4.0,toilet_flushing,train
aT6bc2MM0Xg_000030_000040_4.5_8.5,toilet_flushing,train
aUX7NmOHq7I_000060_000070_1.0_4.0,toilet_flushing,train
bHPS9RJsZ4A_000000_000010_3.0_6.0,toilet_flushing,train
bk0HCbpn608_000010_000020_5.5_8.5,toilet_flushing,train
d6Mrruq691c_000010_000020_3.0_6.5,toilet_flushing,train
gFaCWNf7PaE_000182_000192_0.0_3.0,toilet_flushing,train
ibVpmn8sOKA_000020_000030_2.5_5.5,toilet_flushing,train
is7dPshLAtE_000060_000070_3.0_7.0,toilet_flushing,train
jSjHIytiC_o_000090_000100_1.5_5.0,toilet_flushing,train
jnRCX16EwrM_000050_000060_4.5_8.0,toilet_flushing,train
jnss4GN5wEY_000030_000040_0.5_3.5,toilet_flushing,train
mXNPzQwJ1Lg_000030_000040_2.5_6.5,toilet_flushing,train
mpRE-yxlMjg_000010_000020_1.0_4.0,toilet_flushing,train
mrQ3J123uLU_000030_000040_4.0_7.0,toilet_flushing,train
oH8jVitp0YU_000020_000030_0.5_3.5,toilet_flushing,train
omiGYobPra4_000100_000110_1.5_5.0,toilet_flushing,train
pdGU1Ku-c1I_000035_000045_7.0_10.0,toilet_flushing,train
qNjfHGbv6PU_000033_000043_6.0_9.5,toilet_flushing,train
sgTlVp3Dr-Q_000110_000120_1.0_4.0,toilet_flushing,train
ukYd1nfdJlM_000060_000070_3.5_6.5,toilet_flushing,train
wfltikFvhWc_000000_000010_1.5_5.0,toilet_flushing,train
xTtA7PLoDdU_000003_000013_3.5_7.0,toilet_flushing,train
xri4iya2NKo_000010_000020_5.5_10.0,toilet_flushing,train
xwRG6hEHjcU_000080_000090_4.0_7.5,toilet_flushing,train
